,Name,Position,Appearances,Clean sheets,Goals conceded,Tackles,Tackle success %,Last man tackles,Blocked shots,Interceptions,Clearances,Headed Clearance,Clearances off line,Recoveries,Duels won,Duels lost,Successful 50/50s,Aerial battles won,Aerial battles lost,Own goals,Errors leading to goal,Assists,Passes,Passes per match,Big chances created,Crosses,Cross accuracy %,Through balls,Accurate long balls,Yellow cards,Red cards,Fouls,Offsides,Goals,Headed goals,Goals with right foot,Goals with left foot,Hit woodwork,,,,,,
0,Rolando Aarons ,Midfielder,4,,,4,100%,,0,1,0,0,,9,12,14,4,1,3,,0,0,41,10.25,0,2,50%,0,1,0,0,1,1,0,0,0,0,0,0,,,,,
1,Abdul Rahman Baba ,Defender,0,0,0,0,0%,0,0,0,0,0,0,0,0,0,0,0,0,0,0,0,0,0,0,0,0%,0,0,0,0,0,0,0,0,0,0,0,,,,,,
2,Tammy Abraham ,Forward,31,,,10,,,11,1,11,8,,,,,,,,,,1,300,9.68,3,13,,,,0,0,15,9,5,0,4,0,0,0.16,,,,,
3,Charlie Adam ,Midfielder,11,,,9,56%,,3,9,9,5,,40,36,29,12,7,5,,1,0,246,22.36,3,30,27%,3,23,2,1,8,0,0,0,0,0,1,0,,,,,
4,Adrián ,Goalkeeper,19,6,29,,,,,,,,,,,,,,,0,0,0,520,27.37,,,,,174,2,0,1,,0,,,,,,,,,,
5,Adrien Silva ,Midfielder,12,,,22,59%,,5,14,0,0,,58,47,68,6,11,19,,0,1,433,36.08,1,4,0%,3,19,3,0,9,0,0,0,0,0,0,0,,,,,
6,Ibrahim Afellay ,Midfielder,6,,,3,100%,,0,1,1,1,,15,4,5,1,0,0,,0,0,81,13.5,0,0,0%,0,4,1,0,1,0,0,0,0,0,0,0,,,,,
7,Benik Afobe ,Forward,17,,,4,,,4,0,6,5,,,,,,,,,,0,152,8.94,0,2,,,,0,0,9,4,0,0,0,0,0,0,,,,,
8,Sergio Agüero ,Forward,25,,,9,,,20,6,3,1,,,,,,,,,,6,628,25.12,10,16,,,,2,0,10,16,21,5,15,1,3,0.84,,,,,
9,Daniel Agyei ,Forward,0,,,0,,,0,0,0,0,,,,,,,,,,0,0,0,0,0,,,,0,0,0,0,0,0,0,0,0,0,,,,,
10,Soufyan Ahannach ,Midfielder,0,,,0,0%,,0,0,0,0,,0,0,0,0,0,0,,0,0,0,0,0,0,0%,0,0,0,0,0,0,0,0,0,0,0,0,,,,,
11,Ahmed Hegazi ,Defender,38,10,55,58,66%,0,0,60,270,152,1,183,192,145,22,103,84,0,1,0,"1,186",31.21,0,10,30%,1,135,4,0,24,2,2,2,0,0,0,,,,,,
12,Nathan Aké ,Defender,38,6,59,53,60%,2,2,48,229,136,1,178,186,141,10,105,92,0,0,3,"1,589",41.82,2,5,20%,0,86,5,0,27,2,2,0,1,1,1,,,,,,
13,Chuba Akpom ,Forward,0,,,0,,,0,0,0,0,,,,,,,,,,0,0,0,0,0,,,,0,0,0,0,0,0,0,0,0,0,,,,,
14,Alberto Moreno ,Defender,16,6,19,35,74%,0,7,12,39,16,0,69,69,48,6,10,17,0,0,0,783,48.94,0,51,20%,1,35,1,0,8,0,0,0,0,0,0,,,,,,
15,Marc Albrighton ,Midfielder,34,,,52,63%,,11,27,25,11,,172,141,152,52,11,15,,0,7,"1,005",29.56,8,217,18%,11,76,5,1,20,2,2,0,2,0,0,0.06,,,,,
16,Toby Alderweireld ,Defender,14,5,13,19,68%,0,1,4,50,31,0,57,40,45,6,14,29,0,0,0,915,65.36,0,7,29%,1,111,3,0,8,0,0,0,0,0,0,,,,,,
17,Aleix García ,Midfielder,0,,,0,0%,,0,0,0,0,,0,0,0,0,0,0,,0,0,0,0,0,0,0%,0,0,0,0,0,0,0,0,0,0,0,0,,,,,
18,Trent Alexander-Arnold ,Defender,19,6,18,37,68%,0,1,28,39,11,0,133,63,69,20,5,17,0,0,1,"1,007",53,3,102,17%,3,75,3,0,12,3,1,0,1,0,0,,,,,,
19,Ali Gabr ,Defender,0,0,0,0,0%,0,0,0,0,0,0,0,0,0,0,0,0,0,0,0,0,0,0,0,0%,0,0,0,0,0,0,0,0,0,0,0,,,,,,
20,Allan ,Midfielder,0,,,0,0%,,0,0,0,0,,0,0,0,0,0,0,,0,0,0,0,0,0,0%,0,0,0,0,0,0,0,0,0,0,0,0,,,,,
21,Joe Allen ,Midfielder,36,,,96,65%,,9,58,54,27,,244,225,246,44,36,61,,0,6,"1,358",37.72,4,37,30%,3,44,8,0,49,0,2,0,1,1,0,0.06,,,,,
22,Dele Alli ,Midfielder,36,,,46,65%,,21,19,18,10,,181,202,265,44,30,52,,1,10,"1,251",34.75,16,18,17%,15,39,7,0,43,5,9,0,6,3,1,0.25,,,,,
23,Ryan Allsop ,Goalkeeper,0,0,0,,,,,,,,,,,,,,,0,0,0,0,0,,,,,0,0,0,0,,0,,,,,,,,,,
24,Marcos Alonso ,Defender,33,12,30,51,65%,0,19,47,60,28,0,193,158,137,17,61,54,0,1,2,"1,347",40.82,4,96,19%,0,39,6,0,26,8,7,2,1,4,0,,,,,,
25,Paulo Alves ,Midfielder,0,,,0,0%,,0,0,0,0,,0,0,0,0,0,0,,0,0,0,0,0,0,0%,0,0,0,0,0,0,0,0,0,0,0,0,,,,,
26,Daniel Amartey ,Defender,8,3,7,8,50%,0,0,7,16,9,0,30,29,21,4,10,7,0,0,0,250,31.25,0,0,0%,0,11,0,1,5,0,0,0,0,0,0,,,,,,
27,Luke Amos ,Midfielder,0,,,0,0%,,0,0,0,0,,0,0,0,0,0,0,,0,0,0,0,0,0,0%,0,0,0,0,0,0,0,0,0,0,0,0,,,,,
28,Ethan Ampadu ,Defender,1,0,1,1,100%,0,0,0,2,1,0,0,2,2,0,1,2,0,0,0,19,19,0,0,0%,0,1,0,0,0,0,0,0,0,0,0,,,,,,
29,Tom Anderson ,Defender,0,0,0,0,0%,0,0,0,0,0,0,0,0,0,0,0,0,0,0,0,0,0,0,0,0%,0,0,0,0,0,0,0,0,0,0,0,,,,,,
30,Andreas Pereira ,Midfielder,0,,,0,0%,,0,0,0,0,,0,0,0,0,0,0,,0,0,0,0,0,0,0%,0,0,0,0,0,0,0,0,0,0,0,0,,,,,
31,Angel Gomes ,Midfielder,0,,,0,0%,,0,0,0,0,,0,0,0,0,0,0,,0,0,0,0,0,0,0%,0,0,0,0,0,0,0,0,0,0,0,0,,,,,
32,Vurnon Anita ,Midfielder,0,,,0,0%,,0,0,0,0,,0,0,0,0,0,0,,0,0,0,0,0,0,0%,0,0,0,0,0,0,0,0,0,0,0,0,,,,,
33,Michail Antonio ,Forward,21,,,15,60%,,11,13,14,7,,71,139,158,51,43,55,,0,1,385,18.33,1,55,22%,3,22,1,0,17,7,3,0,3,0,0,0.14,,,,,
34,Scott Arfield ,Midfielder,18,,,36,72%,,8,12,20,9,,83,75,101,14,12,31,,0,1,353,19.61,0,8,25%,1,3,3,0,21,1,2,0,1,1,1,0.11,,,,,
35,Giedrius Arlauskis ,Goalkeeper,0,0,0,,,,,,,,,,,,,,,0,0,0,0,0,,,,,0,0,0,0,,0,,,,,,,,,,
36,Adam Armstrong ,Forward,0,,,0,,,0,0,0,0,,,,,,,,,,0,0,0,0,0,,,,0,0,0,0,0,0,0,0,0,0,,,,,
37,Marko Arnautovic ,Forward,31,,,21,,,17,13,32,19,,,,,,,,,,6,684,22.06,8,61,,,,5,1,35,43,11,0,6,5,5,0.35,,,,,
38,Harry Arter ,Midfielder,13,,,19,84%,,6,9,5,0,,66,44,39,4,6,2,,0,0,586,45.08,0,5,0%,1,37,4,0,9,0,1,0,0,1,0,0.08,,,,,
39,Christian Atsu ,Midfielder,28,,,17,94%,,11,13,20,10,,107,84,165,28,13,68,,0,2,448,16,5,57,11%,1,8,1,0,10,6,2,0,0,2,0,0.07,,,,,
40,Pierre-Emerick Aubameyang ,Forward,13,,,5,,,7,3,7,2,,,,,,,,,,4,317,24.38,1,16,,,,0,0,1,10,10,0,7,3,0,0.77,,,,,
41,Serge Aurier ,Defender,17,6,12,48,56%,1,3,31,48,33,0,89,127,91,15,48,29,0,0,2,776,45.65,5,68,9%,1,26,1,1,21,2,2,1,1,0,0,,,,,,
42,Charlie Austin ,Forward,24,,,7,,,8,1,10,4,,,,,,,,,,0,244,10.17,1,2,,,,2,0,16,14,7,3,4,0,2,0.29,,,,,
43,Jordan Ayew ,Forward,36,,,82,,,26,24,17,10,,,,,,,,,,2,835,23.19,1,45,,,,2,1,63,8,7,1,4,2,4,0.19,,,,,
44,César Azpilicueta ,Defender,37,15,38,80,74%,0,3,54,119,65,1,207,179,114,6,81,55,1,0,6,"2,760",74.59,11,80,19%,10,124,1,0,25,1,2,1,1,0,0,,,,,,
45,Daniel Bachmann ,Goalkeeper,0,0,0,,,,,,,,,,,,,,,0,0,0,0,0,,,,,0,0,0,0,,0,,,,,,,,,,
46,Badou Ndiaye ,Midfielder,13,,,53,53%,,6,13,17,7,,85,101,81,17,10,10,,0,1,337,25.92,0,4,25%,1,20,5,0,24,2,2,0,2,0,0,0.15,,,,,
47,Eric Bailly ,Defender,13,7,6,17,59%,0,1,25,56,14,0,58,47,30,4,17,8,1,0,0,426,32.77,0,0,0%,1,18,2,0,10,0,1,0,1,0,0,,,,,,
48,Leighton Baines ,Defender,22,5,34,25,52%,0,1,25,47,15,0,87,64,48,8,14,20,0,0,3,754,34.27,4,75,28%,0,28,1,0,7,1,2,0,0,2,0,,,,,,
49,Tiemoué Bakayoko ,Midfielder,29,,,64,64%,,17,37,36,22,,169,164,155,36,40,36,,2,2,"1,108",38.21,1,5,20%,0,44,3,1,50,2,2,1,0,1,1,0.07,,,,,
50,Lewis Baker ,Midfielder,0,,,0,0%,,0,0,0,0,,0,0,0,0,0,0,,0,0,0,0,0,0,0%,0,0,0,0,0,0,0,0,0,0,0,0,,,,,
51,Courtney Baker-Richardson ,Forward,0,,,0,,,0,0,0,0,,,,,,,,,,0,0,0,0,0,,,,0,0,0,0,0,0,0,0,0,0,,,,,
52,Sam Baldock ,Forward,2,,,0,,,0,0,0,0,,,,,,,,,,0,7,3.5,0,0,,,,0,0,0,0,0,0,0,0,0,0,,,,,
53,Beni Baningime ,Midfielder,8,,,6,33%,,0,2,1,0,,9,9,14,1,1,2,,0,0,82,10.25,0,0,0%,0,3,1,0,4,0,0,0,0,0,0,0,,,,,
54,Lewis Banks ,Defender,0,0,0,0,0%,0,0,0,0,0,0,0,0,0,0,0,0,0,0,0,0,0,0,0,0%,0,0,0,0,0,0,0,0,0,0,0,,,,,,
55,Phil Bardsley ,Defender,13,4,13,17,94%,0,0,22,66,32,1,61,65,67,3,29,27,0,0,0,418,32.15,0,19,37%,0,29,5,0,22,0,0,0,0,0,0,,,,,,
56,Ross Barkley ,Midfielder,2,,,0,0%,,1,0,1,1,,3,8,8,5,2,2,,0,0,50,25,0,2,50%,0,1,0,0,1,0,0,0,0,0,0,0,,,,,
57,Daniel Barlaser ,Midfielder,0,,,0,0%,,0,0,0,0,,0,0,0,0,0,0,,0,0,0,0,0,0,0%,0,0,0,0,0,0,0,0,0,0,0,0,,,,,
58,Ashley Barnes ,Forward,36,,,21,,,9,2,18,12,,,,,,,,,,0,510,14.17,2,16,,,,10,0,53,26,9,1,7,1,0,0.25,,,,,
59,Modou Barrow ,Forward,0,,,0,,,0,0,0,0,,,,,,,,,,0,0,0,0,0,,,,0,0,0,0,0,0,0,0,0,0,,,,,
60,Gareth Barry ,Midfielder,25,,,35,54%,,5,14,32,22,,148,106,112,10,32,36,,0,1,927,37.08,2,28,32%,3,64,4,0,28,1,1,0,0,1,0,0.04,,,,,
61,Kyle Bartley ,Defender,5,0,4,3,67%,0,0,4,21,12,0,3,18,9,0,14,4,0,0,0,115,23,0,0,0%,0,7,2,0,5,0,0,0,0,0,0,,,,,,
62,Michy Batshuayi ,Forward,12,,,5,,,3,1,3,2,,,,,,,,,,1,96,8,0,0,,,,0,0,4,6,2,1,1,0,0,0.17,,,,,
63,Moritz Bauer ,Defender,15,4,18,24,71%,0,2,12,40,15,0,54,74,74,12,19,22,0,0,0,286,19.07,1,39,26%,0,23,4,0,19,1,0,0,0,0,0,,,,,,
64,Jose Baxter ,Forward,0,,,0,,,0,0,0,0,,,,,,,,,,0,0,0,0,0,,,,0,0,0,0,0,0,0,0,0,0,,,,,
65,Jan Bednarek ,Defender,5,1,5,6,50%,0,0,5,27,19,0,28,14,24,0,7,17,0,0,0,181,36.2,0,0,0%,0,8,1,0,3,0,1,0,0,1,0,,,,,,
66,Asmir Begovic ,Goalkeeper,38,6,61,,,,,,,,,,,,,,,0,5,0,945,24.87,,,,,246,2,0,2,,0,,,,,,,,,,
67,Valon Behrami ,Midfielder,0,,,0,0%,,0,0,0,0,,0,0,0,0,0,0,,0,0,0,0,0,0,0%,0,0,0,0,0,0,0,0,0,0,0,0,,,,,
68,Héctor Bellerín ,Defender,35,12,44,57,75%,0,10,23,71,36,2,175,124,170,25,35,59,0,1,3,"1,842",52.63,8,64,16%,7,33,5,0,36,4,2,0,2,0,1,,,,,,
69,Yasin Ben El-Mhanni ,Midfielder,0,,,0,0%,,0,0,0,0,,0,0,0,0,0,0,,0,0,0,0,0,0,0%,0,0,0,0,0,0,0,0,0,0,0,0,,,,,
70,Yohan Benalouane ,Defender,1,0,2,7,43%,0,0,1,4,0,0,5,10,5,0,2,2,0,0,0,27,27,0,3,0%,0,2,0,0,1,1,0,0,0,0,0,,,,,,
71,Christian Benteke ,Forward,31,,,11,,,11,3,43,31,,,,,,,,,,5,672,21.68,3,3,,,,6,0,48,12,3,2,1,0,0,0.1,,,,,
72,Saido Berahino ,Forward,15,,,2,,,2,1,2,0,,,,,,,,,,1,95,6.33,1,4,,,,0,0,6,4,0,0,0,0,0,0,,,,,
73,Steven Berghuis ,Forward,0,,,0,,,0,0,0,0,,,,,,,,,,0,0,0,0,0,,,,0,0,0,0,0,0,0,0,0,0,,,,,
74,Bernardo Silva ,Midfielder,35,,,27,67%,,1,10,10,1,,73,88,84,29,5,14,,0,4,935,26.71,3,50,18%,2,21,0,0,9,0,6,0,1,5,1,0.17,,,,,
75,Ryan Bertrand ,Defender,35,6,49,48,73%,0,7,44,60,28,0,146,141,135,17,44,52,0,0,4,"1,480",42.29,3,136,18%,1,40,2,0,32,1,0,0,0,0,2,,,,,,
76,Muhamed Besic ,Midfielder,2,,,1,100%,,0,0,1,0,,3,5,6,0,2,1,,0,0,28,14,0,0,0%,0,3,0,0,1,0,0,0,0,0,0,0,,,,,
77,Krystian Bielik ,Defender,0,0,0,0,0%,0,0,0,0,0,0,0,0,0,0,0,0,0,0,0,0,0,0,0,0%,0,0,0,0,0,0,0,0,0,0,0,,,,,,
78,Philip Billing ,Midfielder,16,,,25,64%,,1,18,13,7,,73,60,49,4,25,12,,0,0,371,23.19,1,12,17%,1,16,3,0,14,1,0,0,0,0,0,0,,,,,
79,Mark Birighitti ,Goalkeeper,0,0,0,,,,,,,,,,,,,,,0,0,0,0,0,,,,,0,0,0,0,,0,,,,,,,,,,
80,Daley Blind ,Defender,7,3,0,6,67%,0,1,7,12,8,0,23,19,19,1,8,6,0,0,0,224,32,1,26,35%,0,11,0,0,4,0,0,0,0,0,0,,,,,,
81,Hiram Boateng ,Midfielder,0,,,0,0%,,0,0,0,0,,0,0,0,0,0,0,,0,0,0,0,0,0,0%,0,0,0,0,0,0,0,0,0,0,0,0,,,,,
82,Jeremie Boga ,Midfielder,1,,,0,0%,,0,0,0,0,,0,0,1,0,0,1,,0,0,4,4,0,0,0%,0,0,0,0,1,0,0,0,0,0,0,0,,,,,
83,Adam Bogdan ,Goalkeeper,0,0,0,,,,,,,,,,,,,,,0,0,0,0,0,,,,,0,0,0,0,,0,,,,,,,,,,
84,Bojan ,Forward,1,,,0,,,0,0,0,0,,,,,,,,,,0,25,25,0,2,,,,0,0,1,0,0,0,0,0,0,0,,,,,
85,Yannick Bolasie ,Forward,16,,,8,,,3,4,7,3,,,,,,,,,,0,210,13.13,1,53,,,,0,0,12,4,1,0,1,0,0,0.06,,,,,
86,Gaëtan Bong ,Defender,25,6,36,39,82%,0,0,40,71,37,0,140,97,79,16,30,28,1,1,0,772,30.88,0,53,11%,0,38,2,0,16,0,0,0,0,0,0,,,,,,
87,Wilfried Bony ,Forward,15,,,5,,,5,2,15,10,,,,,,,,,,0,208,13.87,0,0,,,,2,0,7,2,2,0,2,0,0,0.13,,,,,
88,Regan Booty ,Midfielder,0,,,0,0%,,0,0,0,0,,0,0,0,0,0,0,,0,0,0,0,0,0,0%,0,0,0,0,0,0,0,0,0,0,0,0,,,,,
89,Borja Bastón ,Forward,0,,,0,,,0,0,0,0,,,,,,,,,,0,0,0,0,0,,,,0,0,0,0,0,0,0,0,0,0,,,,,
90,Cameron Borthwick-Jackson ,Defender,0,0,0,0,0%,0,0,0,0,0,0,0,0,0,0,0,0,0,0,0,0,0,0,0,0%,0,0,0,0,0,0,0,0,0,0,0,,,,,,
91,Artur Boruc ,Goalkeeper,0,0,0,,,,,,,,,,,,,,,0,0,0,0,0,,,,,0,0,0,0,,0,,,,,,,,,,
92,Sofiane Boufal ,Midfielder,26,,,37,65%,,14,6,6,2,,81,132,137,61,6,13,,0,2,532,20.46,2,40,20%,6,13,1,0,27,2,2,0,1,1,0,0.08,,,,,
93,George Boyd ,Midfielder,0,,,0,0%,,0,0,0,0,,0,0,0,0,0,0,,0,0,0,0,0,0,0%,0,0,0,0,0,0,0,0,0,0,0,0,,,,,
94,Brad Smith ,Defender,0,0,0,0,0%,0,0,0,0,0,0,0,0,0,0,0,0,0,0,0,0,0,0,0,0%,0,0,0,0,0,0,0,0,0,0,0,,,,,,
95,Robbie Brady ,Midfielder,15,,,32,66%,,11,7,25,11,,74,68,81,16,9,12,,0,2,454,30.27,3,123,32%,4,31,3,0,20,3,1,0,1,0,1,0.07,,,,,
96,Cohen Bramall ,Defender,0,0,0,0,0%,0,0,0,0,0,0,0,0,0,0,0,0,0,0,0,0,0,0,0,0%,0,0,0,0,0,0,0,0,0,0,0,,,,,,
97,Brandon Cooper ,Defender,0,0,0,0,0%,0,0,0,0,0,0,0,0,0,0,0,0,0,0,0,0,0,0,0,0%,0,0,0,0,0,0,0,0,0,0,0,,,,,,
98,Cameron Brannagan ,Midfielder,0,,,0,0%,,0,0,0,0,,0,0,0,0,0,0,,0,0,0,0,0,0,0%,0,0,0,0,0,0,0,0,0,0,0,0,,,,,
99,Claudio Bravo ,Goalkeeper,3,1,1,,,,,,,,,,,,,,,0,0,0,55,18.33,,,,,10,0,0,0,,0,,,,,,,,,,
100,Rhian Brewster ,Forward,0,,,0,,,0,0,0,0,,,,,,,,,,0,0,0,0,0,,,,0,0,0,0,0,0,0,0,0,0,,,,,
101,Miguel Britos ,Defender,12,2,16,15,73%,0,0,12,44,28,0,45,50,35,2,27,19,0,1,0,388,32.33,2,5,20%,0,37,3,1,8,0,1,1,0,0,0,,,,,,
102,Leon Britton ,Midfielder,5,,,6,83%,,0,1,1,1,,19,7,18,0,0,4,,0,0,137,27.4,0,1,0%,0,2,1,0,7,0,0,0,0,0,0,0,,,,,
103,Nathan Broadhead ,Midfielder,0,,,0,0%,,0,0,0,0,,0,0,0,0,0,0,,0,0,0,0,0,0,0%,0,0,0,0,0,0,0,0,0,0,0,0,,,,,
104,Isaiah Brown ,Midfielder,13,,,3,100%,,0,1,2,0,,17,25,43,6,13,24,,0,0,129,9.92,1,7,29%,0,5,0,0,3,1,0,0,0,0,0,0,,,,,
105,Marcus Browne ,Midfielder,0,,,0,0%,,0,0,0,0,,0,0,0,0,0,0,,0,0,0,0,0,0,0%,0,0,0,0,0,0,0,0,0,0,0,0,,,,,
106,Bruno ,Defender,25,8,23,30,57%,0,0,38,60,31,0,116,81,61,15,28,22,0,0,0,973,38.92,0,41,17%,0,62,3,0,19,0,0,0,0,0,0,,,,,,
107,Chris Brunt ,Midfielder,26,,,41,59%,,6,21,40,15,,148,77,65,15,16,15,,0,7,882,33.92,7,139,37%,6,92,5,0,15,0,0,0,0,0,0,0,,,,,
108,Marcin Bulka ,Goalkeeper,0,0,0,,,,,,,,,,,,,,,0,0,0,0,0,,,,,0,0,0,0,,0,,,,,,,,,,
109,Harry Bunn ,Forward,0,,,0,,,0,0,0,0,,,,,,,,,,0,0,0,0,0,,,,0,0,0,0,0,0,0,0,0,0,,,,,
110,Oliver Burke ,Midfielder,15,,,6,67%,,2,7,2,1,,14,29,38,13,5,7,,0,2,140,9.33,1,9,22%,0,3,0,0,2,0,0,0,0,0,0,0,,,,,
111,Matt Butcher ,Midfielder,0,,,0,0%,,0,0,0,0,,0,0,0,0,0,0,,0,0,0,0,0,0,0%,0,0,0,0,0,0,0,0,0,0,0,0,,,,,
112,Jack Butland ,Goalkeeper,35,6,61,,,,,,,,,,,,,,,1,1,0,"1,169",33.4,,,,,403,0,0,0,,0,,,,,,,,,,
113,George Byers ,Midfielder,0,,,0,0%,,0,0,0,0,,0,0,0,0,0,0,,0,0,0,0,0,0,0%,0,0,0,0,0,0,0,0,0,0,0,0,,,,,
114,Sam Byram ,Defender,5,0,7,9,56%,0,2,9,13,9,0,10,25,17,2,13,8,0,0,0,84,16.8,0,10,30%,0,3,1,0,4,1,0,0,0,0,0,,,,,,
115,Willy Caballero ,Goalkeeper,3,1,4,,,,,,,,,,,,,,,0,0,0,88,29.33,,,,,17,0,0,0,,0,,,,,,,,,,
116,Yohan Cabaye ,Midfielder,31,,,70,63%,,14,79,28,5,,183,109,163,10,6,14,,1,1,"1,293",41.71,5,136,35%,6,62,7,0,35,1,0,0,0,0,2,0,,,,,
117,Tom Cadman ,Defender,0,0,0,0,0%,0,0,0,0,0,0,0,0,0,0,0,0,0,0,0,0,0,0,0,0%,0,0,0,0,0,0,0,0,0,0,0,,,,,,
118,Gary Cahill ,Defender,27,9,24,29,72%,0,2,27,123,79,0,103,141,61,4,93,31,0,1,0,"1,330",49.26,0,0,0%,0,47,1,1,17,0,0,0,0,0,0,,,,,,
119,Dominic Calvert-Lewin ,Forward,32,,,15,,,10,10,22,13,,,,,,,,,,6,493,15.41,6,19,,,,4,0,43,15,4,2,1,1,0,0.13,,,,,
120,Geoff Cameron ,Midfielder,20,,,34,62%,,1,36,61,23,,89,94,82,14,39,32,,0,0,506,25.3,0,9,0%,0,28,2,0,16,0,0,0,0,0,0,0,,,,,
121,Joel Campbell ,Forward,0,,,0,,,0,0,0,0,,,,,,,,,,0,0,0,0,0,,,,0,0,0,0,0,0,0,0,0,0,,,,,
122,Emre Can ,Midfielder,26,,,67,81%,,5,28,32,20,,196,163,123,24,46,49,,0,4,"1,543",59.35,5,11,45%,11,76,8,0,27,0,3,2,1,0,1,0.12,,,,,
123,Etienne Capoue ,Midfielder,23,,,43,60%,,12,43,35,22,,119,114,99,13,42,23,,0,0,875,38.04,0,4,25%,5,62,3,0,21,1,1,0,1,0,1,0.04,,,,,
124,Baily Cargill ,Defender,0,0,0,0,0%,0,0,0,0,0,0,0,0,0,0,0,0,0,0,0,0,0,0,0,0%,0,0,0,0,0,0,0,0,0,0,0,,,,,,
125,Michael Carrick ,Midfielder,2,,,1,100%,,1,1,3,0,,17,4,6,2,0,2,,0,0,99,49.5,0,0,0%,1,12,0,0,1,0,0,0,0,0,0,0,,,,,
126,Guido Carrillo ,Forward,7,,,5,,,4,0,5,5,,,,,,,,,,1,123,17.57,0,0,,,,0,0,7,1,0,0,0,0,0,0,,,,,
127,Tom Carroll ,Midfielder,37,,,53,62%,,9,29,15,5,,139,94,108,14,11,21,,1,4,"1,444",39.03,6,129,32%,3,80,3,0,23,1,0,0,0,0,2,0,,,,,
128,Cameron Carter-Vickers ,Defender,0,0,0,0,0%,0,0,0,0,0,0,0,0,0,0,0,0,0,0,0,0,0,0,0,0%,0,0,0,0,0,0,0,0,0,0,0,,,,,,
129,Craig Cathcart ,Defender,7,1,6,8,63%,0,0,3,38,18,0,32,20,10,1,10,6,0,0,0,185,26.43,0,0,0%,0,24,1,0,2,0,0,0,0,0,0,,,,,,
130,Petr Cech ,Goalkeeper,34,11,48,,,,,,,,,,,,,,,0,6,0,811,23.85,,,,,184,1,0,0,,0,,,,,,,,,,
131,Cédric Soares ,Defender,32,7,44,54,63%,0,4,24,82,38,0,155,110,115,7,33,62,0,2,3,"1,275",39.84,6,137,20%,2,77,3,0,16,3,0,0,0,0,0,,,,,,
132,Nacer Chadli ,Midfielder,5,,,1,0%,,1,0,3,1,,15,3,10,1,1,2,,0,0,69,13.8,0,7,0%,0,1,1,0,1,0,1,0,1,0,0,0.2,,,,,
133,Nathaniel Chalobah ,Midfielder,6,,,9,67%,,2,6,6,6,,36,33,20,7,11,5,,0,0,182,30.33,0,2,0%,1,9,1,0,3,1,0,0,0,0,0,0,,,,,
134,Calum Chambers ,Defender,12,1,14,17,59%,0,3,18,44,22,0,71,57,56,7,28,30,0,0,0,600,50,0,7,14%,0,31,1,0,10,0,0,0,0,0,0,,,,,,
135,Harry Charsley ,Midfielder,0,,,0,0%,,0,0,0,0,,0,0,0,0,0,0,,0,0,0,0,0,0,0%,0,0,0,0,0,0,0,0,0,0,0,0,,,,,
136,Chicharito ,Forward,28,,,11,,,1,6,1,0,,,,,,,,,,0,373,13.32,1,18,,,,3,0,15,14,8,2,5,1,2,0.29,,,,,
137,Ben Chilwell ,Defender,24,4,30,36,72%,0,2,28,62,33,0,129,156,129,31,67,61,0,1,2,901,37.54,4,84,20%,0,27,1,1,13,4,0,0,0,0,0,,,,,,
138,Pedro Chirivella ,Midfielder,0,,,0,0%,,0,0,0,0,,0,0,0,0,0,0,,0,0,0,0,0,0,0%,0,0,0,0,0,0,0,0,0,0,0,0,,,,,
139,Hamza Choudhury ,Midfielder,8,,,9,56%,,2,8,4,2,,22,14,17,0,0,1,,0,1,164,20.5,1,1,0%,1,12,1,0,5,0,0,0,0,0,0,0,,,,,
140,Eric Maxim Choupo-Moting ,Forward,30,,,42,,,15,23,25,11,,,,,,,,,,5,641,21.37,5,35,,,,3,0,21,14,5,1,3,1,1,0.17,,,,,
141,Chris Löwe ,Defender,23,5,26,43,67%,0,2,34,55,20,1,74,68,60,5,12,12,0,1,0,619,26.91,0,73,15%,0,39,1,0,13,0,0,0,0,0,0,,,,,,
142,Andreas Christensen ,Defender,27,6,23,26,50%,0,2,38,104,60,0,139,98,40,5,56,29,0,1,0,"1,349",49.96,0,0,0%,1,62,0,0,8,1,0,0,0,0,2,,,,,,
143,Ciaran Clark ,Defender,20,4,30,25,68%,0,2,17,140,65,3,95,80,67,4,41,37,0,0,1,699,34.95,2,2,0%,1,61,3,0,17,0,2,2,0,0,0,,,,,,
144,Jake Clarke-Salter ,Defender,0,0,0,0,0%,0,0,0,0,0,0,0,0,0,0,0,0,0,0,0,0,0,0,0,0%,0,0,0,0,0,0,0,0,0,0,0,,,,,,
145,Jordy Clasie ,Midfielder,0,,,0,0%,,0,0,0,0,,0,0,0,0,0,0,,0,0,0,0,0,0,0%,0,0,0,0,0,0,0,0,0,0,0,0,,,,,
146,Tom Cleverley ,Midfielder,23,,,48,54%,,6,25,19,6,,151,103,124,5,24,42,,0,2,"1,137",49.43,0,82,23%,2,57,1,1,33,1,1,0,1,0,0,0.04,,,,,
147,Sam Clucas ,Midfielder,29,,,34,56%,,4,29,30,17,,110,89,91,5,37,36,,0,1,786,27.1,1,55,22%,2,33,2,0,10,3,3,0,1,2,0,0.1,,,,,
148,Nathaniel Clyne ,Defender,3,1,1,3,33%,0,1,0,3,1,0,10,6,12,0,3,3,0,0,0,104,34.67,0,7,14%,0,5,1,0,4,0,0,0,0,0,0,,,,,,
149,Luke Coddington ,Goalkeeper,0,0,0,,,,,,,,,,,,,,,0,0,0,0,0,,,,,0,0,0,0,,0,,,,,,,,,,
150,Jack Colback ,Midfielder,0,,,0,0%,,0,0,0,0,,0,0,0,0,0,0,,0,0,0,0,0,0,0%,0,0,0,0,0,0,0,0,0,0,0,0,,,,,
151,Séamus Coleman ,Defender,12,4,12,14,100%,0,0,10,23,16,0,53,66,44,25,14,11,0,1,1,357,29.75,1,28,14%,0,10,0,0,3,0,0,0,0,0,1,,,,,,
152,Michael Collins ,Defender,0,0,0,0,0%,0,0,0,0,0,0,0,0,0,0,0,0,0,0,0,0,0,0,0,0%,0,0,0,0,0,0,0,0,0,0,0,,,,,,
153,Aaron Connolly ,Forward,0,,,0,,,0,0,0,0,,,,,,,,,,0,0,0,0,0,,,,0,0,0,0,0,0,0,0,0,0,,,,,
154,Francis Coquelin ,Midfielder,7,,,5,80%,,1,3,2,0,,11,9,8,1,2,2,,0,0,96,13.71,1,0,0%,0,7,0,0,2,0,0,0,0,0,0,0,,,,,
155,Jack Cork ,Midfielder,38,,,60,73%,,5,41,81,38,,244,196,198,31,58,78,,1,1,"1,584",41.68,0,19,21%,0,87,7,0,23,1,2,2,0,0,0,0.05,,,,,
156,Thibaut Courtois ,Goalkeeper,35,15,34,,,,,,,,,,,,,,,0,0,0,983,28.09,,,,,188,2,0,2,,0,,,,,,,,,,
157,Martin Cranie ,Defender,3,0,7,3,67%,0,0,1,9,4,1,9,6,3,1,2,2,0,0,0,90,30,0,0,0%,0,8,0,0,0,0,0,0,0,0,0,,,,,,
158,Aaron Cresswell ,Defender,36,10,60,34,62%,0,6,44,110,67,0,149,111,104,5,57,48,0,0,7,"1,299",36.08,5,196,18%,3,98,7,0,20,3,1,0,0,1,2,,,,,,
159,Peter Crouch ,Forward,31,,,2,,,1,1,31,28,,,,,,,,,,2,634,20.45,5,3,,,,4,0,40,14,5,3,1,1,2,0.16,,,,,
160,Cuco Martina ,Defender,21,5,30,61,57%,0,0,42,117,49,1,117,94,91,2,23,35,0,0,2,780,37.14,2,45,33%,1,44,1,0,26,2,0,0,0,0,0,,,,,,
161,Cristián Cuevas ,Defender,0,0,0,0,0%,0,0,0,0,0,0,0,0,0,0,0,0,0,0,0,0,0,0,0,0%,0,0,0,0,0,0,0,0,0,0,0,,,,,,
162,Josh Cullen ,Midfielder,2,,,0,0%,,0,2,0,0,,1,0,1,0,0,0,,0,0,4,2,0,0,0%,0,0,0,0,0,0,0,0,0,0,0,0,,,,,
163,Pontus Dahlberg ,Goalkeeper,0,0,0,,,,,,,,,,,,,,,0,0,0,0,0,,,,,0,0,0,0,,0,,,,,,,,,,
164,James Daly ,Forward,0,,,0,,,0,0,0,0,,,,,,,,,,0,0,0,0,0,,,,0,0,0,0,0,0,0,0,0,0,,,,,
165,Charlie Daniels ,Defender,35,6,50,48,71%,0,6,31,93,39,1,214,122,95,13,46,44,0,0,3,"1,568",44.8,4,106,11%,2,59,0,0,7,0,1,0,0,1,0,,,,,,
166,Danilo ,Defender,23,7,11,43,67%,0,2,19,28,11,0,65,77,42,8,16,6,0,0,2,"1,111",48.3,0,24,13%,2,33,2,0,12,0,3,0,2,1,1,,,,,,
167,Scott Dann ,Defender,17,1,26,10,50%,0,3,23,97,60,0,72,68,57,7,49,33,0,1,0,566,33.29,1,2,0%,1,47,4,0,12,2,1,0,0,1,0,,,,,,
168,Tendayi Darikwa ,Defender,0,0,0,0,0%,0,0,0,0,0,0,0,0,0,0,0,0,0,0,0,0,0,0,0,0%,0,0,0,0,0,0,0,0,0,0,0,,,,,,
169,Karl Darlow ,Goalkeeper,10,2,15,,,,,,,,,,,,,,,1,1,0,297,29.7,,,,,82,0,0,0,,0,,,,,,,,,,
170,Matteo Darmian ,Defender,8,3,3,16,88%,0,0,7,22,14,0,17,24,27,1,6,6,0,0,0,195,24.38,0,6,0%,0,9,0,0,5,0,0,0,0,0,0,,,,,,
171,David Luiz ,Defender,10,2,13,18,61%,0,2,24,41,23,0,66,51,44,3,17,16,0,0,0,492,49.2,0,1,0%,0,40,4,1,12,0,1,0,0,1,0,,,,,,
172,Jason Davidson ,Defender,0,0,0,0,0%,0,0,0,0,0,0,0,0,0,0,0,0,0,0,0,0,0,0,0,0%,0,0,0,0,0,0,0,0,0,0,0,,,,,,
173,Tom Davies ,Midfielder,33,,,30,67%,,8,24,17,10,,110,117,162,26,19,36,,0,1,691,20.94,0,17,29%,1,22,7,0,38,3,2,0,1,1,0,0.06,,,,,
174,Steven Davis ,Midfielder,23,,,30,70%,,4,15,23,12,,137,61,75,9,14,26,,1,0,"1,044",45.39,1,42,29%,7,45,0,0,8,3,3,1,1,1,0,0.13,,,,,
175,Craig Dawson ,Defender,28,7,39,38,74%,0,5,52,132,81,0,133,183,132,8,117,68,0,0,0,906,32.36,1,42,33%,0,61,6,0,35,4,2,2,0,0,0,,,,,,
176,Kevin De Bruyne ,Midfielder,37,,,62,69%,,24,25,12,3,,207,172,187,63,15,16,,0,16,"2,693",72.78,19,248,25%,41,130,2,0,30,2,8,0,3,5,4,0.22,,,,,
177,David de Gea ,Goalkeeper,37,18,28,,,,,,,,,,,,,,,0,0,0,942,25.46,,,,,260,0,0,0,,0,,,,,,,,,,
178,Siem de Jong ,Midfielder,0,,,0,0%,,0,0,0,0,,0,0,0,0,0,0,,0,0,0,0,0,0,0%,0,0,0,0,0,0,0,0,0,0,0,0,,,,,
179,Zachary Dearnley ,Midfielder,0,,,0,0%,,0,0,0,0,,0,0,0,0,0,0,,0,0,0,0,0,0,0%,0,0,0,0,0,0,0,0,0,0,0,0,,,,,
180,Mathieu Debuchy ,Defender,0,0,0,0,0%,0,0,0,0,0,0,0,0,0,0,0,0,0,0,0,0,0,0,0,0%,0,0,0,0,0,0,0,0,0,0,0,,,,,,
181,Troy Deeney ,Forward,29,,,15,,,9,5,20,14,,,,,,,,,,2,542,18.69,4,7,,,,1,1,24,16,5,0,5,0,0,0.17,,,,,
182,Jermain Defoe ,Forward,24,,,12,,,4,4,0,0,,,,,,,,,,1,131,5.46,1,5,,,,1,0,12,9,4,0,4,0,3,0.17,,,,,
183,Steven Defour ,Midfielder,24,,,33,67%,,5,46,18,2,,156,58,70,13,5,13,,0,1,"1,016",42.33,1,35,29%,2,68,6,0,13,0,1,0,1,0,0,0.04,,,,,
184,Damien Delaney ,Defender,2,0,5,2,50%,0,0,3,7,5,0,6,3,4,1,0,4,0,0,0,38,19,0,0,0%,0,3,0,0,0,0,0,0,0,0,0,,,,,,
185,Fabian Delph ,Midfielder,22,,,46,74%,,4,30,35,11,,149,114,77,30,21,31,,1,2,"1,614",73.36,1,13,23%,0,52,2,0,15,0,1,0,1,0,0,0.05,,,,,
186,Mousa Dembélé ,Midfielder,28,,,36,67%,,4,33,12,7,,181,141,136,68,9,16,,0,0,"1,422",50.79,0,1,100%,1,37,6,0,48,0,0,0,0,0,0,0,,,,,
187,Jason Denayer ,Defender,0,0,0,0,0%,0,0,0,0,0,0,0,0,0,0,0,0,0,0,0,0,0,0,0,0%,0,0,0,0,0,0,0,0,0,0,0,,,,,,
188,Alex Denny ,Midfielder,0,,,0,0%,,0,0,0,0,,0,0,0,0,0,0,,0,0,0,0,0,0,0%,0,0,0,0,0,0,0,0,0,0,0,0,,,,,
189,Laurent Depoitre ,Forward,33,,,14,,,6,11,35,24,,,,,,,,,,1,482,14.61,1,3,,,,1,0,28,6,6,2,3,1,1,0.18,,,,,
190,Gerard Deulofeu ,Forward,7,,,5,,,1,4,2,1,,,,,,,,,,0,142,20.29,0,15,,,,0,0,3,1,1,0,0,1,0,0.14,,,,,
191,Fousseni Diabaté ,Forward,14,,,9,67%,,0,8,7,5,,33,53,50,16,14,11,,0,1,227,16.21,0,10,30%,1,4,1,0,1,1,0,0,0,0,0,0,,,,,
192,Mohamed Diamé ,Midfielder,31,,,89,72%,,6,48,28,22,,142,187,203,25,62,57,,0,0,816,26.32,1,6,17%,2,47,3,0,44,0,2,0,2,0,0,0.06,,,,,
193,Grady Diangana ,Midfielder,0,,,0,0%,,0,0,0,0,,0,0,0,0,0,0,,0,0,0,0,0,0,0%,0,0,0,0,0,0,0,0,0,0,0,0,,,,,
194,Brahim Díaz ,Forward,5,,,1,,,1,1,0,0,,,,,,,,,,0,28,5.6,0,1,,,,0,0,1,0,0,0,0,0,0,0,,,,,
195,Diego Cavalieri ,Goalkeeper,0,0,0,,,,,,,,,,,,,,,0,0,0,0,0,,,,,0,0,0,0,,0,,,,,,,,,,
196,Diego Costa ,Forward,0,,,0,,,0,0,0,0,,,,,,,,,,0,0,0,0,0,,,,0,0,0,0,0,0,0,0,0,0,,,,,
197,Eric Dier ,Midfielder,34,,,61,70%,,9,48,82,46,,170,163,127,13,83,62,,2,2,"2,248",66.12,3,26,19%,2,164,4,0,23,1,0,0,0,0,1,0,,,,,
198,Mame Biram Diouf ,Forward,35,,,48,,,12,14,70,43,,,,,,,,,,2,558,15.94,3,34,,,,6,0,38,23,6,1,2,3,0,0.17,,,,,
199,Brice Dja Djédjé ,Defender,0,0,0,0,0%,0,0,0,0,0,0,0,0,0,0,0,0,0,0,0,0,0,0,0,0%,0,0,0,0,0,0,0,0,0,0,0,,,,,,
200,Domingos Quina ,Midfielder,0,,,0,0%,,0,0,0,0,,0,0,0,0,0,0,,0,0,0,0,0,0,0%,0,0,0,0,0,0,0,0,0,0,0,0,,,,,
201,Abdoulaye Doucouré ,Midfielder,37,,,79,66%,,10,54,55,26,,345,188,203,41,43,52,,0,3,"2,244",60.65,1,26,23%,2,84,10,0,44,2,7,0,5,1,1,0.19,,,,,
202,Vlad Dragomir ,Midfielder,0,,,0,0%,,0,0,0,0,,0,0,0,0,0,0,,0,0,0,0,0,0,0%,0,0,0,0,0,0,0,0,0,0,0,0,,,,,
203,Aleksandar Dragovic ,Defender,11,3,14,13,77%,0,1,16,42,25,2,50,30,24,1,13,9,0,0,0,337,30.64,0,1,0%,0,32,2,0,7,0,0,0,0,0,0,,,,,,
204,Daniel Drinkwater ,Midfielder,12,,,15,67%,,2,8,7,5,,37,22,30,3,0,3,,0,0,385,32.08,0,2,0%,3,16,0,0,10,0,1,0,1,0,0,0.08,,,,,
205,Martin Dubravka ,Goalkeeper,12,4,11,,,,,,,,,,,,,,,0,1,0,316,26.33,,,,,72,0,0,0,,0,,,,,,,,,,
206,Shane Duffy ,Defender,37,9,52,31,61%,0,5,50,327,237,4,162,254,137,6,198,95,0,1,1,"1,358",36.7,2,3,67%,0,135,8,0,33,7,0,0,0,0,1,,,,,,
207,Demeaco Duhaney ,Defender,0,0,0,0,0%,0,0,0,0,0,0,0,0,0,0,0,0,0,0,0,0,0,0,0,0%,0,0,0,0,0,0,0,0,0,0,0,,,,,,
208,Stephen Duke-McKenna ,Midfielder,0,,,0,0%,,0,0,0,0,,0,0,0,0,0,0,,0,0,0,0,0,0,0%,0,0,0,0,0,0,0,0,0,0,0,0,,,,,
209,Paul Dummett ,Defender,20,5,18,28,71%,0,1,23,92,56,0,73,93,57,0,55,35,0,1,0,599,29.95,0,22,14%,1,39,1,0,8,0,0,0,0,0,0,,,,,,
210,Lewis Dunk ,Defender,38,10,54,67,49%,1,9,71,223,128,2,252,214,142,10,122,73,4,0,1,"1,496",39.37,1,7,29%,3,164,7,0,36,0,1,0,1,0,0,,,,,,
211,Nathan Dyer ,Midfielder,24,,,22,73%,,4,11,2,1,,82,70,115,23,5,29,,0,0,512,21.33,1,33,15%,2,5,2,0,17,1,0,0,0,0,1,0,,,,,
212,Ederson ,Goalkeeper,36,16,26,,,,,,,,,,,,,,,0,2,0,928,25.78,,,,,147,1,0,0,,0,,,,,,,,,,
213,Eduardo ,Goalkeeper,0,0,0,,,,,,,,,,,,,,,0,0,0,0,0,,,,,0,0,0,0,,0,,,,,,,,,,
214,Thomas Edwards ,Defender,6,0,15,15,60%,0,1,5,19,10,0,29,28,9,3,8,6,0,0,0,162,27,1,15,13%,0,9,0,0,3,0,0,0,0,0,0,,,,,,
215,Ovie Ejaria ,Midfielder,0,,,0,0%,,0,0,0,0,,0,0,0,0,0,0,,0,0,0,0,0,0,0%,0,0,0,0,0,0,0,0,0,0,0,0,,,,,
216,Callum Elder ,Defender,0,0,0,0,0%,0,0,0,0,0,0,0,0,0,0,0,0,0,0,0,0,0,0,0,0%,0,0,0,0,0,0,0,0,0,0,0,,,,,,
217,Andrew Eleftheriou ,Defender,0,0,0,0,0%,0,0,0,0,0,0,0,0,0,0,0,0,0,0,0,0,0,0,0,0%,0,0,0,0,0,0,0,0,0,0,0,,,,,,
218,Robert Elliot ,Goalkeeper,16,3,21,,,,,,,,,,,,,,,0,0,0,491,30.69,,,,,167,0,0,0,,0,,,,,,,,,,
219,Emerson ,Defender,5,1,4,6,67%,0,0,2,9,5,0,17,19,9,5,3,1,0,0,1,131,26.2,0,15,13%,0,4,0,0,3,0,0,0,0,0,0,,,,,,
220,Christian Eriksen ,Midfielder,37,,,51,57%,,37,31,17,3,,227,118,177,29,18,27,,0,10,"2,258",61.03,15,222,23%,24,134,0,0,14,1,10,0,4,6,1,0.27,,,,,
221,Jonny Evans ,Defender,28,4,38,29,76%,0,3,48,126,67,1,142,120,84,10,54,34,1,0,2,961,34.32,1,4,50%,0,80,7,0,26,0,2,2,0,0,0,,,,,,
222,Patrice Evra ,Defender,5,0,10,6,67%,0,0,7,6,4,0,18,18,14,3,7,7,0,0,0,97,19.4,0,2,0%,1,5,0,0,0,1,0,0,0,0,0,,,,,,
223,Lukasz Fabianski ,Goalkeeper,38,9,56,,,,,,,,,,,,,,,0,0,0,"1,113",29.29,,,,,340,0,0,1,,0,,,,,,,,,,
224,Cesc Fàbregas ,Midfielder,32,,,68,72%,,15,22,23,10,,171,118,126,18,10,23,,0,4,"2,189",68.41,8,140,31%,22,127,4,1,25,5,2,0,1,1,1,0.06,,,,,
225,Adam Federici ,Goalkeeper,0,0,0,,,,,,,,,,,,,,,0,0,0,0,0,,,,,0,0,0,0,,0,,,,,,,,,,
226,Morgan Feeney ,Defender,0,0,0,0,0%,0,0,0,0,0,0,0,0,0,0,0,0,0,0,0,0,0,0,0,0%,0,0,0,0,0,0,0,0,0,0,0,,,,,,
227,Sofiane Feghouli ,Midfielder,0,,,0,0%,,0,0,0,0,,0,0,0,0,0,0,,0,0,0,0,0,0,0%,0,0,0,0,0,0,0,0,0,0,0,0,,,,,
228,Marouane Fellaini ,Midfielder,16,,,15,53%,,1,14,18,13,,46,69,62,5,38,26,,0,0,393,24.56,0,3,0%,0,11,1,0,13,3,4,2,2,0,1,0.25,,,,,
229,Leroy Fer ,Midfielder,20,,,44,73%,,2,12,23,16,,76,137,92,26,42,22,,2,1,632,31.6,1,8,13%,3,43,5,0,28,1,1,0,0,1,0,0.05,,,,,
230,Nathan Ferguson ,Defender,0,0,0,0,0%,0,0,0,0,0,0,0,0,0,0,0,0,0,0,0,0,0,0,0,0%,0,0,0,0,0,0,0,0,0,0,0,,,,,,
231,Edimilson Fernandes ,Midfielder,14,,,17,53%,,4,16,4,1,,49,48,42,10,10,16,,0,1,268,19.14,0,7,14%,0,18,1,0,5,0,0,0,0,0,0,0,,,,,
232,Federico Fernández ,Defender,30,7,44,40,73%,0,2,38,198,123,0,129,134,105,1,72,63,1,0,1,"1,210",40.33,1,4,25%,0,93,5,0,29,2,1,1,0,0,0,,,,,,
233,Fernandinho ,Midfielder,34,,,62,56%,,11,47,65,47,,207,204,175,22,94,76,,0,3,"2,975",87.5,7,9,0%,18,105,7,0,41,0,5,0,3,2,0,0.15,,,,,
234,Fernando ,Midfielder,0,,,0,0%,,0,0,0,0,,0,0,0,0,0,0,,0,0,0,0,0,0,0%,0,0,0,0,0,0,0,0,0,0,0,0,,,,,
235,Sam Field ,Midfielder,10,,,14,79%,,4,11,7,6,,28,32,38,3,8,9,,0,0,166,16.6,0,8,13%,0,13,3,0,11,0,1,0,0,1,0,0.1,,,,,
236,Stuart Findlay ,Defender,0,0,0,0,0%,0,0,0,0,0,0,0,0,0,0,0,0,0,0,0,0,0,0,0,0%,0,0,0,0,0,0,0,0,0,0,0,,,,,,
237,Jon Flanagan ,Defender,0,0,0,0,0%,0,0,0,0,0,0,0,0,0,0,0,0,0,0,0,0,0,0,0,0%,0,0,0,0,0,0,0,0,0,0,0,,,,,,
238,Darren Fletcher ,Midfielder,27,,,47,55%,,5,26,31,12,,133,108,99,15,21,21,,1,1,"1,048",38.81,2,49,33%,6,87,0,0,14,0,1,0,1,0,0,0.04,,,,,
239,Phil Foden ,Midfielder,5,,,1,100%,,0,0,1,0,,0,7,5,3,0,3,,0,1,44,8.8,1,4,25%,0,0,0,0,1,0,0,0,0,0,0,0,,,,,
240,Michael Folivi ,Forward,0,,,0,,,0,0,0,0,,,,,,,,,,0,0,0,0,0,,,,0,0,0,0,0,0,0,0,0,0,,,,,
241,Fraser Forster ,Goalkeeper,20,4,30,,,,,,,,,,,,,,,0,2,0,444,22.2,,,,,105,0,0,0,,0,,,,,,,,,,
242,Ben Foster ,Goalkeeper,37,10,55,,,,,,,,,,,,,,,0,0,0,"1,079",29.16,,,,,367,2,0,1,,0,,,,,,,,,,
243,Timothy Fosu-Mensah ,Defender,21,2,29,42,79%,1,2,31,66,33,0,97,85,66,11,19,22,0,0,0,612,29.14,0,17,24%,0,32,2,0,18,0,0,0,0,0,0,,,,,,
244,Dimitri Foulquier ,Defender,0,0,0,0,0%,0,0,0,0,0,0,0,0,0,0,0,0,0,0,0,0,0,0,0,0%,0,0,0,0,0,0,0,0,0,0,0,,,,,,
245,Juan Foyth ,Defender,0,0,0,0,0%,0,0,0,0,0,0,0,0,0,0,0,0,0,0,0,0,0,0,0,0%,0,0,0,0,0,0,0,0,0,0,0,,,,,,
246,Simon Francis ,Defender,32,4,47,49,69%,0,6,49,176,99,1,159,217,131,11,142,75,0,2,1,"1,606",50.19,1,78,31%,1,123,8,1,24,1,0,0,0,0,0,,,,,,
247,Ryan Fraser ,Midfielder,26,,,11,73%,,10,17,29,12,,103,74,75,10,9,26,,0,3,816,31.38,3,138,25%,3,20,0,0,6,1,5,0,4,1,0,0.19,,,,,
248,Freddie Ladapo ,Forward,1,,,0,,,0,0,0,0,,,,,,,,,,0,7,7,0,2,,,,0,0,0,0,0,0,0,0,0,0,,,,,
249,Christian Fuchs ,Defender,25,4,35,41,66%,0,4,58,70,35,0,132,115,91,9,61,37,1,0,1,896,35.84,0,71,14%,1,56,1,0,12,0,0,0,0,0,0,,,,,,
250,Jay Fulton ,Midfielder,2,,,0,0%,,0,0,0,0,,3,0,2,0,0,0,,0,0,8,4,0,0,0%,0,0,1,0,2,0,0,0,0,0,0,0,,,,,
251,Ramiro Funes Mori ,Defender,4,0,2,0,0%,0,0,3,14,8,0,9,9,8,0,7,4,0,0,0,54,13.5,0,0,0%,0,5,1,0,3,0,0,0,0,0,0,,,,,,
252,Manolo Gabbiadini ,Forward,28,,,3,,,3,4,6,3,,,,,,,,,,0,223,7.96,0,5,,,,2,0,14,10,5,0,0,5,2,0.18,,,,,
253,Gabriel Jesus ,Forward,29,,,23,,,9,8,6,4,,,,,,,,,,3,591,20.38,4,2,,,,6,0,28,15,13,3,7,3,3,0.45,,,,,
254,Gabriel Paulista ,Defender,0,0,0,0,0%,0,0,0,0,0,0,0,0,0,0,0,0,0,0,0,0,0,0,0,0%,0,0,0,0,0,0,0,0,0,0,0,,,,,,
255,Sam Gallagher ,Forward,0,,,0,,,0,0,0,0,,,,,,,,,,0,0,0,0,0,,,,0,0,0,0,0,0,0,0,0,0,,,,,
256,Luke Garbutt ,Defender,0,0,0,0,0%,0,0,0,0,0,0,0,0,0,0,0,0,0,0,0,0,0,0,0,0%,0,0,0,0,0,0,0,0,0,0,0,,,,,,
257,Florin Gardos ,Defender,0,0,0,0,0%,0,0,0,0,0,0,0,0,0,0,0,0,0,0,0,0,0,0,0,0%,0,0,0,0,0,0,0,0,0,0,0,,,,,,
258,Dwight Gayle ,Forward,35,,,12,,,14,6,17,10,,,,,,,,,,3,433,12.37,3,5,,,,3,0,23,22,6,1,3,2,1,0.17,,,,,
259,Paulo Gazzaniga ,Goalkeeper,1,1,0,,,,,,,,,,,,,,,0,0,0,22,22,,,,,7,0,0,0,,0,,,,,,,,,,
260,Anthony Georgiou ,Midfielder,0,,,0,0%,,0,0,0,0,,0,0,0,0,0,0,,0,0,0,0,0,0,0%,0,0,0,0,0,0,0,0,0,0,0,0,,,,,
261,Kieran Gibbs ,Defender,33,7,44,41,59%,0,4,48,82,41,1,169,117,104,24,42,39,0,0,1,"1,014",30.73,3,74,26%,0,39,3,0,22,1,0,0,0,0,0,,,,,,
262,Charlie Gilmour ,Midfielder,0,,,0,0%,,0,0,0,0,,0,0,0,0,0,0,,0,0,0,0,0,0,0%,0,0,0,0,0,0,0,0,0,0,0,0,,,,,
263,Olivier Giroud ,Forward,29,,,9,,,12,2,9,7,,,,,,,,,,1,375,12.93,5,3,,,,0,0,13,5,7,4,0,3,3,0.24,,,,,
264,Connor Goldson ,Defender,3,1,5,2,100%,0,1,1,8,6,0,12,13,9,0,10,4,0,0,0,83,27.67,0,1,0%,1,11,1,0,2,0,0,0,0,0,0,,,,,,
265,Joseph Gomez ,Defender,23,9,21,58,78%,1,2,34,48,26,0,144,124,80,23,33,31,0,0,2,"1,337",58.13,2,45,22%,0,49,3,0,15,1,0,0,0,0,0,,,,,,
266,Curtis Good ,Defender,0,0,0,0,0%,0,0,0,0,0,0,0,0,0,0,0,0,0,0,0,0,0,0,0,0%,0,0,0,0,0,0,0,0,0,0,0,,,,,,
267,Anthony Gordon ,Forward,0,,,0,,,0,0,0,0,,,,,,,,,,0,0,0,0,0,,,,0,0,0,0,0,0,0,0,0,0,,,,,
268,Dan Gosling ,Midfielder,28,,,50,50%,,4,25,25,14,,151,147,177,18,54,58,,0,1,"1,062",37.93,0,6,50%,1,39,8,0,38,2,2,0,1,1,0,0.07,,,,,
269,Yoan Gouffran ,Midfielder,0,,,0,0%,,0,0,0,0,,0,0,0,0,0,0,,0,0,0,0,0,0,0%,0,0,0,0,0,0,0,0,0,0,0,0,,,,,
270,Kamil Grabara ,Goalkeeper,0,0,0,,,,,,,,,,,,,,,0,0,0,0,0,,,,,0,0,0,0,,0,,,,,,,,,,
271,Lewis Grabban ,Forward,0,,,0,,,0,0,0,0,,,,,,,,,,0,0,0,0,0,,,,0,0,0,0,0,0,0,0,0,0,,,,,
272,Max-Alain Gradel ,Forward,0,,,0,,,0,0,0,0,,,,,,,,,,0,0,0,0,0,,,,0,0,0,0,0,0,0,0,0,0,,,,,
273,Lee Grant ,Goalkeeper,3,0,7,,,,,,,,,,,,,,,0,0,0,78,26,,,,,27,0,0,0,,0,,,,,,,,,,
274,Demarai Gray ,Midfielder,35,,,17,88%,,16,11,11,2,,99,90,104,38,5,24,,1,1,557,15.91,4,86,21%,1,26,2,0,7,4,3,0,2,0,1,0.09,,,,,
275,Robert Green ,Goalkeeper,0,0,0,,,,,,,,,,,,,,,0,0,0,0,0,,,,,0,0,0,0,,0,,,,,,,,,,
276,Matt Grimes ,Midfielder,0,,,0,0%,,0,0,0,0,,0,0,0,0,0,0,,0,0,0,0,0,0,0%,0,0,0,0,0,0,0,0,0,0,0,0,,,,,
277,Daniel Grimshaw ,Goalkeeper,0,0,0,,,,,,,,,,,,,,,0,0,0,0,0,,,,,0,0,0,0,,0,,,,,,,,,,
278,Pascal Groß ,Midfielder,38,,,36,67%,,12,14,19,6,,137,79,187,11,13,57,,0,8,"1,215",31.97,16,234,29%,10,68,2,0,33,9,7,1,5,1,0,0.18,,,,,
279,Marko Grujic ,Midfielder,3,,,2,100%,,0,0,0,0,,2,2,3,0,0,2,,0,0,14,4.67,0,0,0%,0,0,0,0,0,0,0,0,0,0,0,0,,,,,
280,Jóhann Gudmundsson ,Midfielder,35,,,43,63%,,15,34,33,13,,179,151,167,36,41,49,,0,8,805,23,7,213,30%,1,42,2,0,18,2,2,1,0,1,3,0.06,,,,,
281,Idrissa Gueye ,Midfielder,33,,,117,79%,,6,62,42,13,,287,220,172,18,33,33,,0,1,"1,566",47.45,1,11,27%,1,71,6,1,50,1,2,0,2,0,0,0.06,,,,,
282,Ilkay Gündogan ,Midfielder,30,,,27,56%,,12,16,10,2,,124,75,83,26,4,12,,0,1,"1,402",46.73,2,8,25%,6,34,3,0,14,0,4,1,3,0,1,0.13,,,,,
283,Daniel Gyollai ,Goalkeeper,0,0,0,,,,,,,,,,,,,,,0,0,0,0,0,,,,,0,0,0,0,,0,,,,,,,,,,
284,Florent Hadergjonaj ,Defender,23,4,28,21,76%,0,4,17,38,16,0,94,61,74,16,15,22,0,0,1,618,26.87,1,98,22%,2,44,3,0,17,4,0,0,0,0,0,,,,,,
285,Sead Haksabanovic ,Midfielder,0,,,0,0%,,0,0,0,0,,0,0,0,0,0,0,,0,0,0,0,0,0,0%,0,0,0,0,0,0,0,0,0,0,0,0,,,,,
286,Ben Hamer ,Goalkeeper,4,1,7,,,,,,,,,,,,,,,0,0,0,71,17.75,,,,,19,0,0,0,,0,,,,,,,,,,
287,Ethan Hamilton ,Midfielder,0,,,0,0%,,0,0,0,0,,0,0,0,0,0,0,,0,0,0,0,0,0,0%,0,0,0,0,0,0,0,0,0,0,0,0,,,,,
288,Grant Hanley ,Defender,0,0,0,0,0%,0,0,0,0,0,0,0,0,0,0,0,0,0,0,0,0,0,0,0,0%,0,0,0,0,0,0,0,0,0,0,0,,,,,,
289,Ollie Harfield ,Defender,0,0,0,0,0%,0,0,0,0,0,0,0,0,0,0,0,0,0,0,0,0,0,0,0,0%,0,0,0,0,0,0,0,0,0,0,0,,,,,,
290,Rekeem Harper ,Midfielder,1,,,1,100%,,0,0,0,0,,2,1,1,0,0,0,,0,0,5,5,0,0,0%,0,1,0,0,0,0,0,0,0,0,0,0,,,,,
291,Joe Hart ,Goalkeeper,19,4,39,,,,,,,,,,,,,,,0,4,1,544,28.63,,,,,185,0,0,1,,0,,,,,,,,,,
292,Jakob Haugaard ,Goalkeeper,0,0,0,,,,,,,,,,,,,,,0,0,0,0,0,,,,,0,0,0,0,,0,,,,,,,,,,
293,Isaac Hayden ,Midfielder,26,,,40,57%,,1,23,40,20,,69,106,123,6,51,45,,0,0,527,20.27,0,17,29%,0,14,7,0,30,0,1,0,1,0,0,0.04,,,,,
294,Eden Hazard ,Forward,34,,,6,,,18,3,0,0,,,,,,,,,,4,"1,369",40.26,9,51,,,,2,0,13,16,12,0,8,4,0,0.35,,,,,
295,Tom Heaton ,Goalkeeper,4,0,4,,,,,,,,,,,,,,,0,0,0,94,23.5,,,,,34,0,0,0,,0,,,,,,,,,,
296,Michael Hefele ,Defender,2,0,1,0,0%,0,0,1,5,4,0,1,1,2,0,1,0,0,0,0,9,4.5,0,0,0%,0,0,1,0,2,0,0,0,0,0,0,,,,,,
297,Tomer Hemed ,Forward,16,,,7,,,4,2,12,8,,,,,,,,,,2,234,14.63,0,1,,,,0,0,10,7,2,1,1,0,1,0.13,,,,,
298,Jordan Henderson ,Midfielder,27,,,51,65%,,4,31,20,5,,213,98,90,8,28,11,,0,1,"2,085",77.22,2,25,20%,7,152,1,0,26,0,1,0,1,0,1,0.04,,,,,
299,Jeff Hendrick ,Midfielder,34,,,16,63%,,10,8,20,8,,113,73,132,24,15,58,,0,2,802,23.59,3,23,17%,5,20,1,0,19,16,2,0,2,0,0,0.06,,,,,
300,Wayne Hennessey ,Goalkeeper,27,7,41,,,,,,,,,,,,,,,0,0,0,689,25.52,,,,,229,1,0,0,,0,,,,,,,,,,
301,Henrik Bjørdal ,Midfielder,0,,,0,0%,,0,0,0,0,,0,0,0,0,0,0,,0,0,0,0,0,0,0%,0,0,0,0,0,0,0,0,0,0,0,0,,,,,
302,Dion Henry ,Goalkeeper,0,0,0,,,,,,,,,,,,,,,0,0,0,0,0,,,,,0,0,0,0,,0,,,,,,,,,,
303,Ander Herrera ,Midfielder,26,,,56,52%,,6,34,20,4,,104,103,105,10,9,10,,0,2,"1,043",40.12,2,15,7%,4,38,5,0,28,2,0,0,0,0,0,0,,,,,
304,Jake Hesketh ,Midfielder,0,,,0,0%,,0,0,0,0,,0,0,0,0,0,0,,0,0,0,0,0,0,0%,0,0,0,0,0,0,0,0,0,0,0,0,,,,,
305,Heurelho Gomes ,Goalkeeper,24,5,40,,,,,,,,,,,,,,,0,2,0,630,26.25,,,,,208,0,0,1,,0,,,,,,,,,,
306,Mateusz Hewelt ,Goalkeeper,0,0,0,,,,,,,,,,,,,,,0,0,0,0,0,,,,,0,0,0,0,,0,,,,,,,,,,
307,Ryan Hill ,Midfielder,0,,,0,0%,,0,0,0,0,,0,0,0,0,0,0,,0,0,0,0,0,0,0%,0,0,0,0,0,0,0,0,0,0,0,0,,,,,
308,Jordy Hiwula-Mayifuila ,Forward,0,,,0,,,0,0,0,0,,,,,,,,,,0,0,0,0,0,,,,0,0,0,0,0,0,0,0,0,0,,,,,
309,Tommie Hoban ,Defender,0,0,0,0,0%,0,0,0,0,0,0,0,0,0,0,0,0,0,0,0,0,0,0,0,0%,0,0,0,0,0,0,0,0,0,0,0,,,,,,
310,Shaun Hobson ,Defender,0,0,0,0,0%,0,0,0,0,0,0,0,0,0,0,0,0,0,0,0,0,0,0,0,0%,0,0,0,0,0,0,0,0,0,0,0,,,,,,
311,Wesley Hoedt ,Defender,28,5,42,60,85%,1,3,40,172,82,0,200,161,104,25,61,53,0,2,1,"1,323",47.25,1,6,17%,1,142,7,0,22,0,0,0,0,0,2,,,,,,
312,Jonathan Hogg ,Midfielder,30,,,93,69%,,4,70,45,19,,209,164,145,8,35,30,,0,0,"1,413",47.1,0,3,33%,2,62,8,1,32,0,0,0,0,0,0,0,,,,,
313,Rob Holding ,Defender,12,3,17,19,74%,1,1,21,39,18,0,67,56,46,5,28,20,0,0,0,603,50.25,0,0,0%,1,30,3,0,9,0,0,0,0,0,0,,,,,,
314,José Holebas ,Defender,28,5,47,51,61%,0,7,29,81,43,0,160,136,142,23,45,35,0,1,4,958,34.21,6,210,21%,0,55,7,0,37,1,0,0,0,0,0,,,,,,
315,Mason Holgate ,Defender,15,4,14,23,70%,0,1,23,82,44,0,57,75,68,8,33,41,0,1,0,475,31.67,1,12,25%,0,44,3,0,12,1,0,0,0,0,1,,,,,,
316,Nathan Holland ,Midfielder,0,,,0,0%,,0,0,0,0,,0,0,0,0,0,0,,0,0,0,0,0,0,0%,0,0,0,0,0,0,0,0,0,0,0,0,,,,,
317,Jordan Holmes ,Goalkeeper,0,0,0,,,,,,,,,,,,,,,0,0,0,0,0,,,,,0,0,0,0,,0,,,,,,,,,,
318,Tareiq Holmes-Dennis ,Defender,0,0,0,0,0%,0,0,0,0,0,0,0,0,0,0,0,0,0,0,0,0,0,0,0,0%,0,0,0,0,0,0,0,0,0,0,0,,,,,,
319,Fraser Hornby ,Forward,0,,,0,,,0,0,0,0,,,,,,,,,,0,0,0,0,0,,,,0,0,0,0,0,0,0,0,0,0,,,,,
320,Mark Hudson ,Defender,0,0,0,0,0%,0,0,0,0,0,0,0,0,0,0,0,0,0,0,0,0,0,0,0,0%,0,0,0,0,0,0,0,0,0,0,0,,,,,,
321,Callum Hudson-Odoi ,Forward,2,,,0,,,1,0,0,0,,,,,,,,,,0,16,8,0,2,,,,0,0,0,0,0,0,0,0,0,0,,,,,
322,Sam Hughes ,Defender,0,0,0,0,0%,0,0,0,0,0,0,0,0,0,0,0,0,0,0,0,0,0,0,0,0%,0,0,0,0,0,0,0,0,0,0,0,,,,,,
323,Jordan Hugill ,Forward,3,,,0,,,0,0,0,0,,,,,,,,,,0,9,3,0,0,,,,0,0,3,0,0,0,0,0,0,0,,,,,
324,Uwe Hünemeier ,Defender,1,0,1,0,0%,0,0,0,4,3,0,0,2,0,0,2,0,0,0,0,4,4,0,0,0%,0,1,0,0,0,0,0,0,0,0,0,,,,,,
325,Des Hutchinson ,Midfielder,0,,,0,0%,,0,0,0,0,,0,0,0,0,0,0,,0,0,0,0,0,0,0%,0,0,0,0,0,0,0,0,0,0,0,0,,,,,
326,Robert Huth ,Defender,0,0,0,0,0%,0,0,0,0,0,0,0,0,0,0,0,0,0,0,0,0,0,0,0,0%,0,0,0,0,0,0,0,0,0,0,0,,,,,,
327,Emerson Hyndman ,Midfielder,1,,,0,0%,,0,1,0,0,,2,0,1,0,0,0,,0,0,24,24,0,0,0%,0,2,0,0,0,0,0,0,0,0,0,0,,,,,
328,Pierre-Emile Højbjerg ,Midfielder,23,,,45,64%,,5,37,24,15,,180,123,137,21,28,28,,1,0,"1,108",48.17,0,12,25%,5,51,6,0,32,1,0,0,0,0,1,0,,,,,
329,Jordon Ibe ,Midfielder,32,,,14,86%,,21,10,9,4,,101,95,141,37,4,15,,0,6,695,21.72,6,109,28%,5,21,1,0,10,2,2,0,2,0,2,0.06,,,,,
330,Vicente Iborra ,Midfielder,19,,,23,78%,,1,19,49,30,,127,84,89,11,33,34,,0,0,857,45.11,0,1,0%,2,45,0,0,19,2,3,2,0,1,0,0.16,,,,,
331,Zlatan Ibrahimovic ,Forward,5,,,2,,,2,0,1,0,,,,,,,,,,0,76,15.2,0,2,,,,0,0,1,2,0,0,0,0,0,0,,,,,
332,Kelechi Iheanacho ,Forward,21,,,9,,,9,3,4,3,,,,,,,,,,3,246,11.71,4,5,,,,2,0,17,4,3,1,0,2,2,0.14,,,,,
333,Dejan Iliev ,Goalkeeper,0,0,0,,,,,,,,,,,,,,,0,0,0,0,0,,,,,0,0,0,0,,0,,,,,,,,,,
334,Giannelli Imbula ,Midfielder,0,,,0,0%,,0,0,0,0,,0,0,0,0,0,0,,0,0,0,0,0,0,0%,0,0,0,0,0,0,0,0,0,0,0,0,,,,,
335,Rohan Ince ,Midfielder,0,,,0,0%,,0,0,0,0,,0,0,0,0,0,0,,0,0,0,0,0,0,0%,0,0,0,0,0,0,0,0,0,0,0,0,,,,,
336,Danny Ings ,Forward,8,,,5,,,1,2,1,1,,,,,,,,,,0,76,9.5,0,3,,,,0,0,6,3,1,0,0,1,0,0.13,,,,,
337,Ryan Inniss ,Defender,0,0,0,0,0%,0,0,0,0,0,0,0,0,0,0,0,0,0,0,0,0,0,0,0,0%,0,0,0,0,0,0,0,0,0,0,0,,,,,,
338,Stephen Ireland ,Midfielder,4,,,3,33%,,0,1,1,0,,2,5,8,1,0,2,,0,0,66,16.5,0,0,0%,1,2,1,0,1,0,0,0,0,0,1,0,,,,,
339,Isaac Success ,Forward,0,,,0,,,0,0,0,0,,,,,,,,,,0,0,0,0,0,,,,0,0,0,0,0,0,0,0,0,0,,,,,
340,Alex Iwobi ,Forward,26,,,19,,,11,7,8,4,,,,,,,,,,5,"1,137",43.73,6,20,,,,1,0,11,1,3,0,2,1,1,0.12,,,,,
341,José Izquierdo ,Forward,32,,,23,,,14,16,25,9,,,,,,,,,,3,523,16.34,4,23,,,,2,0,20,14,5,0,5,0,0,0.16,,,,,
342,Jaroslaw Jach ,Defender,0,0,0,0,0%,0,0,0,0,0,0,0,0,0,0,0,0,0,0,0,0,0,0,0,0%,0,0,0,0,0,0,0,0,0,0,0,,,,,,
343,Brad Jackson ,Midfielder,0,,,0,0%,,0,0,0,0,,0,0,0,0,0,0,,0,0,0,0,0,0,0%,0,0,0,0,0,0,0,0,0,0,0,0,,,,,
344,Phil Jagielka ,Defender,25,6,39,33,70%,0,2,39,177,89,2,123,114,67,1,67,42,0,0,0,966,38.64,0,4,0%,0,110,2,0,8,0,0,0,0,0,0,,,,,,
345,Eldin Jakupovic ,Goalkeeper,2,0,6,,,,,,,,,,,,,,,0,0,0,43,21.5,,,,,17,0,0,0,,0,,,,,,,,,,
346,Matty James ,Midfielder,13,,,19,53%,,5,17,24,9,,56,52,53,8,20,15,,0,0,446,34.31,0,2,0%,1,16,2,0,21,0,0,0,0,0,1,0,,,,,
347,Kyle Jameson ,Defender,0,0,0,0,0%,0,0,0,0,0,0,0,0,0,0,0,0,0,0,0,0,0,0,0,0%,0,0,0,0,0,0,0,0,0,0,0,,,,,,
348,Daryl Janmaat ,Defender,23,2,37,46,67%,0,5,33,53,26,0,114,86,82,10,27,17,0,0,0,768,33.39,2,68,24%,0,54,3,0,14,1,3,1,1,1,1,,,,,,
349,Vincent Janssen ,Forward,1,,,0,,,0,0,0,0,,,,,,,,,,0,0,0,0,0,,,,0,0,1,0,0,0,0,0,0,0,,,,,
350,Adnan Januzaj ,Midfielder,0,,,0,0%,,0,0,0,0,,0,0,0,0,0,0,,0,0,0,0,0,0,0%,0,0,0,0,0,0,0,0,0,0,0,0,,,,,
351,Carl Jenkinson ,Defender,0,0,0,0,0%,0,0,0,0,0,0,0,0,0,0,0,0,0,0,0,0,0,0,0,0%,0,0,0,0,0,0,0,0,0,0,0,,,,,,
352,Jesé ,Forward,13,,,10,,,4,0,3,2,,,,,,,,,,1,146,11.23,0,13,,,,0,0,5,1,1,0,0,1,0,0.08,,,,,
353,Jesús Gámez ,Defender,2,1,0,4,50%,0,0,2,5,3,0,6,7,2,1,1,0,0,0,0,45,22.5,0,5,20%,0,2,0,0,0,0,0,0,0,0,0,,,,,,
354,João Mário ,Midfielder,13,,,14,79%,,4,8,3,2,,76,58,81,17,7,27,,0,1,442,34,1,50,22%,5,10,0,0,14,0,2,0,2,0,0,0.15,,,,,
355,Joel Pereira ,Goalkeeper,0,0,0,,,,,,,,,,,,,,,0,0,0,0,0,,,,,0,0,0,0,,0,,,,,,,,,,
356,Darnell Johnson ,Defender,0,0,0,0,0%,0,0,0,0,0,0,0,0,0,0,0,0,0,0,0,0,0,0,0,0%,0,0,0,0,0,0,0,0,0,0,0,,,,,,
357,Sam Johnstone ,Goalkeeper,0,0,0,,,,,,,,,,,,,,,0,0,0,0,0,,,,,0,0,0,0,,0,,,,,,,,,,
358,Jonathan Dinzeyi ,Defender,0,0,0,0,0%,0,0,0,0,0,0,0,0,0,0,0,0,0,0,0,0,0,0,0,0%,0,0,0,0,0,0,0,0,0,0,0,,,,,,
359,Jonathan Williams ,Midfielder,0,,,0,0%,,0,0,0,0,,0,0,0,0,0,0,,0,0,0,0,0,0,0%,0,0,0,0,0,0,0,0,0,0,0,0,,,,,
360,Curtis Jones ,Midfielder,0,,,0,0%,,0,0,0,0,,0,0,0,0,0,0,,0,0,0,0,0,0,0%,0,0,0,0,0,0,0,0,0,0,0,0,,,,,
361,Jordan Williams ,Defender,0,0,0,0,0%,0,0,0,0,0,0,0,0,0,0,0,0,0,0,0,0,0,0,0,0%,0,0,0,0,0,0,0,0,0,0,0,,,,,,
362,Jordi Amat ,Defender,0,0,0,0,0%,0,0,0,0,0,0,0,0,0,0,0,0,0,0,0,0,0,0,0,0%,0,0,0,0,0,0,0,0,0,0,0,,,,,,
363,José Fonte ,Defender,8,3,11,11,55%,0,2,14,36,25,0,32,38,30,1,21,19,0,0,1,347,43.38,1,3,67%,0,30,0,0,6,0,0,0,0,0,0,,,,,,
364,Joselu ,Forward,30,,,22,,,8,11,35,24,,,,,,,,,,1,593,19.77,1,6,,,,2,0,30,3,4,0,3,1,1,0.13,,,,,
365,Josh Dasilva ,Midfielder,0,,,0,0%,,0,0,0,0,,0,0,0,0,0,0,,0,0,0,0,0,0,0%,0,0,0,0,0,0,0,0,0,0,0,0,,,,,
366,Christian Kabasele ,Defender,28,6,43,42,60%,1,0,34,173,99,2,98,164,93,3,103,46,1,0,0,903,32.25,0,1,0%,0,64,5,0,31,0,2,2,0,0,0,,,,,,
367,Younes Kaboul ,Defender,2,0,3,3,67%,0,0,2,15,10,0,7,11,5,0,8,3,0,0,0,76,38,0,0,0%,0,10,0,0,1,0,0,0,0,0,0,,,,,,
368,Elias Kachunga ,Forward,19,,,30,,,3,2,7,3,,,,,,,,,,1,339,17.84,0,24,,,,1,0,20,5,1,0,1,0,0,0.05,,,,,
369,Sullay Kaikai ,Midfielder,1,,,1,0%,,0,0,1,0,,2,3,1,2,0,1,,0,0,6,6,0,2,0%,0,1,0,0,0,0,0,0,0,0,0,0,,,,,
370,Tomas Kalas ,Defender,0,0,0,0,0%,0,0,0,0,0,0,0,0,0,0,0,0,0,0,0,0,0,0,0,0%,0,0,0,0,0,0,0,0,0,0,0,,,,,,
371,Harry Kane ,Forward,37,,,17,,,48,5,19,14,,,,,,,,,,2,657,17.76,5,20,,,,5,0,34,42,30,6,13,10,6,0.81,,,,,
372,N'Golo Kanté ,Midfielder,34,,,113,68%,,14,85,26,10,,312,191,179,47,17,32,,0,1,"2,150",63.24,4,13,15%,9,89,3,0,41,1,1,0,1,0,0,0.03,,,,,
373,Bartosz Kapustka ,Midfielder,0,,,0,0%,,0,0,0,0,,0,0,0,0,0,0,,0,0,0,0,0,0,0%,0,0,0,0,0,0,0,0,0,0,0,0,,,,,
374,Loris Karius ,Goalkeeper,19,10,14,,,,,,,,,,,,,,,0,0,0,521,27.42,,,,,77,1,0,2,,0,,,,,,,,,,
375,Orestis Karnezis ,Goalkeeper,15,4,24,,,,,,,,,,,,,,,0,2,0,373,24.87,,,,,131,0,0,0,,0,,,,,,,,,,
376,Beram Kayal ,Midfielder,19,,,18,61%,,1,12,8,2,,54,46,54,5,8,8,,0,0,227,11.95,1,5,40%,0,8,2,0,15,1,0,0,0,0,0,0,,,,,
377,Olarenwaju Kayode ,Forward,0,,,0,,,0,0,0,0,,,,,,,,,,0,0,0,0,0,,,,0,0,0,0,0,0,0,0,0,0,,,,,
378,Michael Keane ,Defender,30,7,46,33,76%,0,2,53,206,146,0,138,178,133,7,129,87,0,0,1,"1,157",38.57,2,4,25%,0,96,3,0,21,4,0,0,0,0,0,,,,,,
379,Martin Kelly ,Defender,15,3,21,19,68%,1,2,9,63,34,1,43,52,58,2,27,36,1,1,0,343,22.87,0,6,0%,0,27,1,0,8,0,0,0,0,0,0,,,,,,
380,Daniel Kemp ,Midfielder,0,,,0,0%,,0,0,0,0,,0,0,0,0,0,0,,0,0,0,0,0,0,0%,0,0,0,0,0,0,0,0,0,0,0,0,,,,,
381,Kenedy ,Forward,13,,,31,,,11,14,9,5,,,,,,,,,,2,351,27,2,38,,,,1,0,15,0,2,0,0,2,3,0.15,,,,,
382,Jonjoe Kenny ,Defender,19,5,31,41,80%,0,1,28,73,41,0,85,89,75,6,38,31,0,0,1,587,30.89,2,46,26%,0,49,2,0,17,0,0,0,0,0,0,,,,,,
383,Ryan Kent ,Forward,0,,,0,,,0,0,0,0,,,,,,,,,,0,0,0,0,0,,,,0,0,0,0,0,0,0,0,0,0,,,,,
384,Ki Sung-Yueng ,Midfielder,25,,,25,72%,,6,32,20,5,,95,54,57,7,5,21,,0,2,836,33.44,2,62,34%,1,63,2,0,10,1,2,0,1,1,0,0.08,,,,,
385,Kiko Femenía ,Defender,23,3,34,36,78%,0,2,34,30,14,0,108,92,53,25,10,16,0,0,1,794,34.52,3,60,25%,1,28,2,0,7,2,1,0,1,0,0,,,,,,
386,Joshua King ,Forward,33,,,36,,,15,4,14,9,,,,,,,,,,3,689,20.88,8,34,,,,3,0,45,4,8,0,6,2,1,0.24,,,,,
387,Stephen Kingsley ,Defender,0,0,0,0,0%,0,0,0,0,0,0,0,0,0,0,0,0,0,0,0,0,0,0,0,0%,0,0,0,0,0,0,0,0,0,0,0,,,,,,
388,Nya Kirby ,Midfielder,0,,,0,0%,,0,0,0,0,,0,0,0,0,0,0,,0,0,0,0,0,0,0%,0,0,0,0,0,0,0,0,0,0,0,0,,,,,
389,Davy Klaassen ,Midfielder,7,,,3,33%,,0,1,1,0,,10,7,13,0,3,3,,0,0,99,14.14,0,3,0%,0,3,0,0,5,1,0,0,0,0,0,0,,,,,
390,Ragnar Klavan ,Defender,19,8,15,14,71%,0,0,15,82,38,0,96,67,55,4,39,40,0,0,0,"1,198",63.05,0,1,0%,1,52,0,0,7,0,1,1,0,0,0,,,,,,
391,Josh Knight ,Defender,0,0,0,0,0%,0,0,0,0,0,0,0,0,0,0,0,0,0,0,0,0,0,0,0,0%,0,0,0,0,0,0,0,0,0,0,0,,,,,,
392,Anthony Knockaert ,Midfielder,33,,,39,67%,,13,23,13,6,,171,139,140,62,16,19,,0,1,984,29.82,3,98,18%,4,43,4,1,22,8,3,0,1,2,2,0.09,,,,,
393,Aleksandar Kolarov ,Defender,0,0,0,0,0%,0,0,0,0,0,0,0,0,0,0,0,0,0,0,0,0,0,0,0,0%,0,0,0,0,0,0,0,0,0,0,0,,,,,,
394,Sead Kolasinac ,Defender,27,9,30,49,76%,0,7,26,53,27,0,134,118,107,12,47,32,0,0,4,"1,268",46.96,6,42,14%,0,25,3,0,32,1,2,0,0,2,1,,,,,,
395,Vincent Kompany ,Defender,17,6,12,20,55%,1,2,16,71,39,0,91,66,38,3,42,12,0,0,1,"1,429",84.06,1,0,0%,1,84,6,0,18,0,1,1,0,0,0,,,,,,
396,Terence Kongolo ,Defender,13,2,14,33,61%,0,0,32,64,31,0,50,77,34,7,28,13,0,0,0,311,23.92,0,10,20%,0,12,0,0,5,0,0,0,0,0,0,,,,,,
397,Laurent Koscielny ,Defender,25,8,32,43,49%,0,2,54,134,79,0,160,148,92,2,80,61,0,1,0,"1,745",69.8,0,5,20%,2,111,4,0,14,2,2,1,1,0,1,,,,,,
398,Cheikhou Kouyaté ,Midfielder,33,,,71,69%,,7,32,49,37,,188,251,234,20,123,113,,0,3,955,28.94,0,17,24%,5,15,5,0,45,6,2,1,0,0,1,0.06,,,,,
399,Tim Krul ,Goalkeeper,0,0,0,,,,,,,,,,,,,,,0,0,0,0,0,,,,,0,0,0,0,,0,,,,,,,,,,
400,Grzegorz Krychowiak ,Midfielder,27,,,40,63%,,3,45,23,13,,125,122,109,19,26,15,,0,2,813,30.11,4,18,22%,6,48,2,0,31,1,0,0,0,0,1,0,,,,,
401,Alexandre Lacazette ,Forward,32,,,24,,,17,7,4,1,,,,,,,,,,4,722,22.56,5,16,,,,1,0,28,23,14,2,10,2,2,0.44,,,,,
402,Adam Lallana ,Midfielder,12,,,3,33%,,6,1,1,0,,15,17,27,6,3,4,,0,0,220,18.33,0,8,25%,0,4,1,0,4,1,0,0,0,0,0,0,,,,,
403,Erik Lamela ,Midfielder,25,,,23,57%,,6,7,4,4,,49,68,86,23,6,14,,0,2,446,17.84,4,25,32%,5,12,4,0,24,3,2,0,0,2,1,0.08,,,,,
404,Manuel Lanzini ,Midfielder,27,,,20,55%,,12,30,5,1,,165,123,135,65,3,10,,1,6,"1,214",44.96,6,82,20%,6,31,4,0,9,3,5,0,4,1,0,0.19,,,,,
405,Aymeric Laporte ,Defender,9,4,5,8,88%,0,3,11,26,16,0,90,39,23,3,24,9,0,0,0,811,90.11,0,2,50%,1,42,1,0,10,0,0,0,0,0,0,,,,,,
406,Jamaal Lascelles ,Defender,33,9,31,31,61%,2,0,28,230,140,1,179,176,88,5,128,60,0,0,0,"1,184",35.88,0,2,0%,0,79,5,0,16,0,3,3,0,0,0,,,,,,
407,Joel Latibeaudiere ,Defender,0,0,0,0,0%,0,0,0,0,0,0,0,0,0,0,0,0,0,0,0,0,0,0,0,0%,0,0,0,0,0,0,0,0,0,0,0,,,,,,
408,Shayne Lavery ,Forward,0,,,0,,,0,0,0,0,,,,,,,,,,0,0,0,0,0,,,,0,0,0,0,0,0,0,0,0,0,,,,,
409,Tom Lawrence ,Forward,0,,,0,,,0,0,0,0,,,,,,,,,,0,0,0,0,0,,,,0,0,0,0,0,0,0,0,0,0,,,,,
410,Achraf Lazaar ,Midfielder,0,,,0,0%,,0,0,0,0,,0,0,0,0,0,0,,0,0,0,0,0,0,0%,0,0,0,0,0,0,0,0,0,0,0,0,,,,,
411,Lee Chung-Yong ,Midfielder,7,,,2,0%,,0,2,0,0,,7,8,9,2,2,4,,1,0,67,9.57,0,7,0%,0,0,0,0,1,0,0,0,0,0,0,0,,,,,
412,Adam Legzdins ,Goalkeeper,0,0,0,,,,,,,,,,,,,,,0,0,0,0,0,,,,,0,0,0,0,,0,,,,,,,,,,
413,Florian Lejeune ,Defender,24,5,32,33,61%,1,4,46,146,81,1,128,141,89,12,83,51,0,0,2,"1,071",44.63,2,4,0%,2,108,3,0,17,2,0,0,0,0,0,,,,,,
414,Jonathan Leko ,Midfielder,0,,,0,0%,,0,0,0,0,,0,0,0,0,0,0,,0,0,0,0,0,0,0%,0,0,0,0,0,0,0,0,0,0,0,0,,,,,
415,Mario Lemina ,Midfielder,25,,,55,73%,,5,36,33,21,,139,151,96,55,25,13,,1,1,971,38.84,1,10,10%,6,41,2,0,28,2,1,0,1,0,1,0.04,,,,,
416,Aaron Lennon ,Midfielder,29,,,37,65%,,7,19,16,3,,82,81,127,15,12,19,,0,2,468,16.14,1,38,18%,0,8,2,0,21,1,0,0,0,0,1,0,,,,,
417,Filip Lesniak ,Midfielder,0,,,0,0%,,0,0,0,0,,0,0,0,0,0,0,,0,0,0,0,0,0,0%,0,0,0,0,0,0,0,0,0,0,0,0,,,,,
418,Harry Lewis ,Goalkeeper,0,0,0,,,,,,,,,,,,,,,0,0,0,0,0,,,,,0,0,0,0,,0,,,,,,,,,,
419,Lewis Cook ,Midfielder,29,,,67,52%,,8,35,21,8,,198,151,158,50,14,27,,1,2,"1,228",42.34,0,29,31%,5,107,5,0,33,1,0,0,0,0,0,0,,,,,
420,Anders Lindegaard ,Goalkeeper,0,0,0,,,,,,,,,,,,,,,0,0,0,0,0,,,,,0,0,0,0,,0,,,,,,,,,,
421,Victor Lindelöf ,Defender,17,5,14,17,65%,0,1,13,64,36,0,94,51,41,4,22,25,0,1,0,751,44.18,1,1,0%,0,30,1,0,10,0,0,0,0,0,0,,,,,,
422,Jesse Lingard ,Midfielder,33,,,30,70%,,15,9,10,0,,84,99,124,28,5,26,,0,5,932,28.24,4,46,17%,8,19,2,0,34,4,8,1,7,0,3,0.24,,,,,
423,Jake Livermore ,Midfielder,34,,,72,57%,,4,26,28,10,,173,128,152,19,23,37,,0,2,"1,103",32.44,2,16,19%,8,65,5,0,42,1,2,0,2,0,1,0.06,,,,,
424,Fernando Llorente ,Forward,16,,,6,,,2,0,6,5,,,,,,,,,,0,88,5.5,0,0,,,,1,0,4,2,1,1,0,0,0,0.06,,,,,
425,Hugo Lloris ,Goalkeeper,36,15,35,,,,,,,,,,,,,,,0,5,0,996,27.67,,,,,217,1,0,1,,0,,,,,,,,,,
426,Jürgen Locadia ,Forward,6,,,1,,,2,1,0,0,,,,,,,,,,1,51,8.5,0,3,,,,0,0,2,2,1,0,0,1,0,0.17,,,,,
427,Ruben Loftus-Cheek ,Midfielder,24,,,21,71%,,13,22,26,16,,130,188,180,73,32,55,,0,3,723,30.13,5,12,25%,1,24,1,0,17,3,2,0,2,0,1,0.08,,,,,
428,Jason Lokilo ,Midfielder,0,,,0,0%,,0,0,0,0,,0,0,0,0,0,0,,0,0,0,0,0,0,0%,0,0,0,0,0,0,0,0,0,0,0,0,,,,,
429,Joe Lolley ,Forward,6,,,2,,,0,3,1,0,,,,,,,,,,0,65,10.83,0,8,,,,1,0,3,0,1,0,0,1,0,0.17,,,,,
430,Kevin Long ,Defender,16,4,21,32,72%,0,5,19,127,76,0,68,131,84,0,80,58,1,1,2,541,33.81,3,2,0%,0,61,1,0,15,1,1,1,0,0,1,,,,,,
431,Ademola Lookman ,Forward,7,,,1,,,2,1,2,0,,,,,,,,,,1,45,6.43,1,2,,,,0,0,5,0,0,0,0,0,0,0,,,,,
432,Jonas Lössl ,Goalkeeper,38,10,58,,,,,,,,,,,,,,,1,3,1,"1,284",33.79,,,,,420,1,0,0,,0,,,,,,,,,,
433,Dejan Lovren ,Defender,29,10,24,26,65%,0,4,38,142,86,0,107,136,85,0,104,60,0,1,1,"1,803",62.17,1,4,50%,0,91,4,0,15,1,2,2,0,0,0,,,,,,
434,Matthew Lowton ,Defender,26,8,26,55,62%,0,1,39,112,55,1,111,115,95,11,34,29,0,0,3,823,31.65,3,71,21%,1,72,1,0,19,1,0,0,0,0,0,,,,,,
435,Kazenga LuaLua ,Forward,0,,,0,,,0,0,0,0,,,,,,,,,,0,0,0,0,0,,,,0,0,0,0,0,0,0,0,0,0,,,,,
436,Lucas Leiva ,Midfielder,0,,,0,0%,,0,0,0,0,,0,0,0,0,0,0,,0,0,0,0,0,0,0%,0,0,0,0,0,0,0,0,0,0,0,0,,,,,
437,Lucas Moura ,Forward,6,,,4,,,1,2,2,2,,,,,,,,,,1,113,18.83,0,1,,,,0,0,4,0,0,0,0,0,0,0,,,,,
438,Romelu Lukaku ,Forward,34,,,7,,,18,3,21,15,,,,,,,,,,7,721,21.21,9,36,,,,4,0,31,18,16,3,2,11,1,0.47,,,,,
439,Dodi Lukébakio ,Forward,1,,,1,,,0,0,0,0,,,,,,,,,,0,6,6,0,2,,,,0,0,0,0,0,0,0,0,0,0,,,,,
440,Levi Lumeka ,Forward,1,,,1,,,1,1,0,0,,,,,,,,,,0,7,7,0,4,,,,0,0,0,0,0,0,0,0,0,0,,,,,
441,Matt Macey ,Goalkeeper,0,0,0,,,,,,,,,,,,,,,0,0,0,0,0,,,,,0,0,0,0,,0,,,,,,,,,,
442,Niki Mäenpää ,Goalkeeper,0,0,0,,,,,,,,,,,,,,,0,0,0,0,0,,,,,0,0,0,0,,0,,,,,,,,,,
443,Pablo Maffeo ,Defender,0,0,0,0,0%,0,0,0,0,0,0,0,0,0,0,0,0,0,0,0,0,0,0,0,0%,0,0,0,0,0,0,0,0,0,0,0,,,,,,
444,Harry Maguire ,Defender,38,9,60,63,73%,1,7,48,176,115,0,269,263,136,51,119,63,0,0,4,"1,740",45.79,5,15,13%,2,173,7,0,34,4,2,1,1,0,2,,,,,,
445,Connor Mahoney ,Midfielder,0,,,0,0%,,0,0,0,0,,0,0,0,0,0,0,,0,0,0,0,0,0,0%,0,0,0,0,0,0,0,0,0,0,0,0,,,,,
446,Riyad Mahrez ,Forward,36,,,39,,,19,18,9,5,,,,,,,,,,10,"1,276",35.44,12,158,,,,2,0,23,10,12,1,1,10,0,0.33,,,,,
447,Ainsley Maitland-Niles ,Midfielder,15,,,25,68%,,1,12,22,8,,73,56,59,20,6,14,,0,0,536,35.73,1,20,25%,0,22,1,0,10,0,0,0,0,0,1,0,,,,,
448,Moses Makasi ,Midfielder,0,,,0,0%,,0,0,0,0,,0,0,0,0,0,0,,0,0,0,0,0,0,0%,0,0,0,0,0,0,0,0,0,0,0,0,,,,,
449,Donyell Malen ,Forward,0,,,0,,,0,0,0,0,,,,,,,,,,0,0,0,0,0,,,,0,0,0,0,0,0,0,0,0,0,,,,,
450,Scott Malone ,Defender,22,2,23,39,74%,0,2,26,38,13,0,89,76,65,15,14,13,0,2,1,493,22.41,0,46,7%,0,41,3,0,19,0,0,0,0,0,0,,,,,,
451,Steve Mandanda ,Goalkeeper,0,0,0,,,,,,,,,,,,,,,0,0,0,0,0,,,,,0,0,0,0,,0,,,,,,,,,,
452,Sadio Mané ,Forward,29,,,28,,,13,9,7,6,,,,,,,,,,7,962,33.17,9,32,,,,3,1,24,12,10,0,7,3,3,0.34,,,,,
453,Eliaquim Mangala ,Defender,11,2,7,7,57%,0,1,3,28,12,0,44,25,26,4,14,14,0,1,0,413,37.55,0,0,0%,1,14,0,0,3,0,0,0,0,0,0,,,,,,
454,Javier Manquillo ,Defender,21,4,31,36,61%,0,0,18,49,23,0,70,82,81,12,22,19,0,0,1,540,25.71,3,30,20%,0,24,2,0,24,2,0,0,0,0,0,,,,,,
455,Elvis Manu ,Forward,0,,,0,,,0,0,0,0,,,,,,,,,,0,0,0,0,0,,,,0,0,0,0,0,0,0,0,0,0,,,,,
456,Solly March ,Midfielder,36,,,54,76%,,10,13,29,13,,135,143,177,48,19,42,,0,1,637,17.69,4,102,16%,1,36,3,0,29,7,1,1,0,0,2,0.03,,,,,
457,Adrian Mariappa ,Defender,28,6,43,45,58%,1,2,45,129,79,1,111,149,130,2,90,75,0,2,0,961,34.32,0,4,0%,0,54,4,0,32,0,0,0,0,0,0,,,,,,
458,Adnan Maric ,Midfielder,0,,,0,0%,,0,0,0,0,,0,0,0,0,0,0,,0,0,0,0,0,0,0%,0,0,0,0,0,0,0,0,0,0,0,0,,,,,
459,Lazar Markovic ,Forward,0,,,0,,,0,0,0,0,,,,,,,,,,0,0,0,0,0,,,,0,0,0,0,0,0,0,0,0,0,,,,,
460,Dean Marney ,Midfielder,0,,,0,0%,,0,0,0,0,,0,0,0,0,0,0,,0,0,0,0,0,0,0%,0,0,0,0,0,0,0,0,0,0,0,0,,,,,
461,Anthony Martial ,Forward,30,,,15,,,18,3,6,4,,,,,,,,,,5,731,24.37,9,48,,,,1,0,17,8,9,1,7,1,0,0.3,,,,,
462,Emiliano Martínez ,Goalkeeper,0,0,0,,,,,,,,,,,,,,,0,0,0,0,0,,,,,0,0,0,0,,0,,,,,,,,,,
463,Bruno Martins Indi ,Defender,17,1,27,21,57%,1,1,21,76,39,0,55,52,42,0,25,21,0,1,0,351,20.65,0,4,75%,0,27,3,0,12,1,0,0,0,0,0,,,,,,
464,Brandon Mason ,Defender,0,0,0,0,0%,0,0,0,0,0,0,0,0,0,0,0,0,0,0,0,0,0,0,0,0%,0,0,0,0,0,0,0,0,0,0,0,,,,,,
465,Massadio Haidara ,Defender,1,0,0,0,0%,0,0,0,0,0,0,0,0,0,0,0,0,0,0,0,2,2,0,0,0%,0,0,0,0,0,0,0,0,0,0,0,,,,,,
466,Ntumba Massanka ,Midfielder,0,,,0,0%,,0,0,0,0,,0,0,0,0,0,0,,0,0,0,0,0,0,0%,0,0,0,0,0,0,0,0,0,0,0,0,,,,,
467,Conor Masterson ,Defender,0,0,0,0,0%,0,0,0,0,0,0,0,0,0,0,0,0,0,0,0,0,0,0,0,0%,0,0,0,0,0,0,0,0,0,0,0,,,,,,
468,Arthur Masuaku ,Defender,27,4,29,58,64%,0,3,26,33,11,0,143,194,165,83,23,20,0,0,3,683,25.3,3,100,14%,1,28,5,0,30,2,0,0,0,0,0,,,,,,
469,Juan Mata ,Midfielder,28,,,18,72%,,6,15,7,0,,109,58,67,17,3,8,,1,5,"1,215",43.39,6,111,27%,4,54,1,0,12,18,3,0,0,3,2,0.11,,,,,
470,Ales Mateju ,Defender,0,0,0,0,0%,0,0,0,0,0,0,0,0,0,0,0,0,0,0,0,0,0,0,0,0%,0,0,0,0,0,0,0,0,0,0,0,,,,,,
471,Nemanja Matic ,Midfielder,36,,,70,60%,,5,64,56,27,,317,202,148,54,57,28,,1,1,"2,601",72.25,2,18,22%,4,175,6,0,33,2,1,0,0,1,0,0.03,,,,,
472,Joel Matip ,Defender,25,9,27,35,69%,0,2,35,96,58,1,123,104,58,3,57,21,0,1,0,"1,655",66.2,1,0,0%,1,91,3,0,19,1,1,0,1,0,1,,,,,,
473,Konstantinos Mavropanos ,Defender,3,1,3,1,100%,0,0,6,11,9,0,14,8,9,1,4,7,0,0,0,103,34.33,0,0,0%,0,6,0,1,2,0,0,0,0,0,0,,,,,,
474,Alfie Mawson ,Defender,38,9,56,32,69%,0,3,35,222,126,1,220,186,117,23,122,74,0,1,1,"1,744",45.89,1,2,50%,1,190,3,0,19,1,2,0,2,0,0,,,,,,
475,Chancel Mbemba ,Defender,9,1,11,16,75%,0,0,15,41,26,0,34,47,34,8,19,17,0,0,0,213,23.67,1,7,57%,1,9,0,0,5,0,0,0,0,0,0,,,,,,
476,James McArthur ,Midfielder,33,,,58,76%,,9,36,37,12,,177,151,186,27,39,52,,0,1,"1,070",32.42,3,11,18%,3,37,5,0,45,0,5,0,2,3,0,0.15,,,,,
477,Gareth McAuley ,Defender,9,0,15,8,88%,0,0,11,15,11,0,26,26,16,1,15,10,0,0,0,125,13.89,0,1,100%,0,16,0,0,2,0,0,0,0,0,0,,,,,,
478,Oliver McBurnie ,Forward,11,,,4,,,1,0,3,3,,,,,,,,,,1,99,9,1,3,,,,0,0,4,0,0,0,0,0,0,0,,,,,
479,James McCarthy ,Midfielder,4,,,9,100%,,0,5,3,0,,20,18,12,3,4,4,,1,0,97,24.25,0,2,0%,0,1,0,0,3,0,0,0,0,0,0,0,,,,,
480,James McClean ,Midfielder,30,,,40,70%,,9,19,15,6,,91,90,146,23,16,22,,0,0,359,11.97,0,88,22%,0,5,7,0,35,5,1,0,0,1,0,0.03,,,,,
481,Marcus McGuane ,Midfielder,0,,,0,0%,,0,0,0,0,,0,0,0,0,0,0,,0,0,0,0,0,0,0%,0,0,0,0,0,0,0,0,0,0,0,0,,,,,
482,Callum McManaman ,Midfielder,0,,,0,0%,,0,0,0,0,,0,0,0,0,0,0,,0,0,0,0,0,0,0%,0,0,0,0,0,0,0,0,0,0,0,0,,,,,
483,Dwight McNeil ,Midfielder,1,,,0,,,0,0,0,0,,,,,,,,,,0,1,1,0,0,,,,0,0,0,0,0,0,0,0,0,0,,,,,
484,Sam McQueen ,Defender,7,,,4,100%,,0,3,3,1,,10,6,5,2,0,1,,0,0,63,9,0,4,0%,0,1,0,0,0,1,0,0,0,0,0,0,,,,,
485,Scott McTominay ,Midfielder,13,,,11,82%,,0,13,9,8,,44,43,38,5,12,10,,0,0,343,26.38,0,4,0%,1,12,2,0,7,0,0,0,0,0,0,0,,,,,
486,Ben Mee ,Defender,29,9,27,33,61%,2,4,33,208,138,2,153,178,108,3,117,78,0,1,0,"1,071",36.93,0,3,0%,0,113,5,0,14,3,0,0,0,0,0,,,,,,
487,Max Melbourne ,Defender,0,0,0,0,0%,0,0,0,0,0,0,0,0,0,0,0,0,0,0,0,0,0,0,0,0%,0,0,0,0,0,0,0,0,0,0,0,,,,,,
488,Nampalys Mendy ,Midfielder,0,,,0,0%,,0,0,0,0,,0,0,0,0,0,0,,0,0,0,0,0,0,0%,0,0,0,0,0,0,0,0,0,0,0,0,,,,,
489,Mikel Merino ,Midfielder,24,,,56,71%,,7,34,23,13,,139,151,152,28,39,40,,0,1,812,33.83,1,3,0%,6,41,4,0,30,0,1,1,0,0,1,0.04,,,,,
490,Per Mertesacker ,Defender,6,0,7,2,100%,0,0,6,21,15,0,32,28,10,0,23,7,0,1,0,247,41.17,0,0,0%,0,7,0,0,2,0,1,1,0,0,0,,,,,,
491,Roque Mesa ,Midfielder,11,,,20,65%,,2,13,6,3,,86,36,51,5,2,3,,0,0,486,44.18,0,1,100%,0,27,3,0,14,0,0,0,0,0,0,0,,,,,
492,Matt Miazga ,Defender,0,0,0,0,0%,0,0,0,0,0,0,0,0,0,0,0,0,0,0,0,0,0,0,0,0%,0,0,0,0,0,0,0,0,0,0,0,,,,,,
493,Simon Mignolet ,Goalkeeper,19,7,24,,,,,,,,,,,,,,,0,2,0,498,26.21,,,,,82,3,0,2,,0,,,,,,,,,,
494,Luka Milivojevic ,Midfielder,36,,,85,61%,,11,71,74,27,,274,194,197,28,49,45,,2,1,"1,652",45.89,2,39,33%,3,122,8,0,69,1,10,0,10,0,1,0.28,,,,,
495,James Milner ,Midfielder,32,,,58,78%,,8,21,22,8,,125,115,95,12,23,18,,0,3,"1,480",46.25,5,123,24%,7,85,3,0,29,0,0,0,0,0,0,0,,,,,
496,Tyrone Mings ,Defender,4,0,5,1,100%,0,1,6,13,1,0,14,5,5,1,2,2,0,0,0,113,28.25,0,1,100%,0,9,1,0,2,0,0,0,0,0,0,,,,,,
497,Kevin Mirallas ,Midfielder,5,,,4,,,0,0,3,1,,,,,,,,,,0,54,10.8,0,4,,,,1,0,1,0,0,0,0,0,0,0,,,,,
498,Demetri Mitchell ,Defender,0,0,0,0,0%,0,0,0,0,0,0,0,0,0,0,0,0,0,0,0,0,0,0,0,0%,0,0,0,0,0,0,0,0,0,0,0,,,,,,
499,Aleksandar Mitrovic ,Forward,6,,,1,,,1,0,2,2,,,,,,,,,,0,54,9,0,0,,,,0,0,3,1,1,0,0,1,0,0.17,,,,,
500,MJ Williams ,Midfielder,0,,,0,0%,,0,0,0,0,,0,0,0,0,0,0,,0,0,0,0,0,0,0%,0,0,0,0,0,0,0,0,0,0,0,0,,,,,
501,Henrikh Mkhitaryan ,Midfielder,26,,,33,73%,,8,15,5,4,,104,109,149,30,19,23,,0,9,980,37.69,11,84,20%,15,22,2,0,23,4,3,0,2,1,0,0.12,,,,,
502,Moha ,Midfielder,0,,,0,0%,,0,0,0,0,,0,0,0,0,0,0,,0,0,0,0,0,0,0%,0,0,0,0,0,0,0,0,0,0,0,0,,,,,
503,Mohamed Elneny ,Midfielder,13,,,12,50%,,4,10,12,4,,79,27,29,3,6,13,,0,1,837,64.38,1,8,0%,2,23,3,1,4,1,0,0,0,0,0,0,,,,,
504,Mohamed Salah ,Forward,36,,,12,,,33,5,3,2,,,,,,,,,,10,946,26.28,12,86,,,,1,0,16,17,32,2,5,25,3,0.89,,,,,
505,Jayson Molumby ,Midfielder,0,,,0,0%,,0,0,0,0,,0,0,0,0,0,0,,0,0,0,0,0,0,0%,0,0,0,0,0,0,0,0,0,0,0,0,,,,,
506,Jefferson Montero ,Midfielder,0,,,0,0%,,0,0,0,0,,0,0,0,0,0,0,,0,0,0,0,0,0,0%,0,0,0,0,0,0,0,0,0,0,0,0,,,,,
507,Elliott Moore ,Defender,0,0,0,0,0%,0,0,0,0,0,0,0,0,0,0,0,0,0,0,0,0,0,0,0,0%,0,0,0,0,0,0,0,0,0,0,0,,,,,,
508,Aaron Mooy ,Midfielder,36,,,102,59%,,15,38,48,9,,266,166,160,16,33,39,,0,3,"1,902",52.83,5,185,20%,4,102,5,0,26,2,4,0,2,2,1,0.11,,,,,
509,Álvaro Morata ,Forward,31,,,13,,,16,6,20,13,,,,,,,,,,6,576,18.58,4,19,,,,7,0,41,29,11,7,3,1,1,0.35,,,,,
510,Marlos Moreno ,Forward,0,,,0,,,0,0,0,0,,,,,,,,,,0,0,0,0,0,,,,0,0,0,0,0,0,0,0,0,0,,,,,
511,Wes Morgan ,Defender,32,5,52,35,71%,0,1,31,143,79,0,99,147,104,9,93,58,0,0,0,913,28.53,0,0,0%,0,45,4,0,31,1,0,0,0,0,0,,,,,,
512,James Morrison ,Midfielder,4,,,2,50%,,0,1,0,0,,11,5,7,2,0,2,,0,0,88,22,0,2,0%,0,2,0,0,0,0,1,0,1,0,0,0.25,,,,,
513,Victor Moses ,Midfielder,28,,,37,78%,,9,15,31,20,,143,124,115,32,28,42,,0,3,833,29.75,3,90,21%,2,25,3,0,23,9,3,0,1,2,0,0.11,,,,,
514,Steve Mounie ,Forward,28,,,11,,,5,7,29,22,,,,,,,,,,1,523,18.68,2,9,,,,2,0,28,23,7,3,2,1,2,0.25,,,,,
515,Lys Mousset ,Forward,23,,,9,,,6,3,8,4,,,,,,,,,,0,161,7,2,9,,,,1,0,11,0,2,1,1,0,0,0.09,,,,,
516,Joy Mukena ,Defender,0,0,0,0,0%,0,0,0,0,0,0,0,0,0,0,0,0,0,0,0,0,0,0,0,0%,0,0,0,0,0,0,0,0,0,0,0,,,,,,
517,Erwin Mulder ,Goalkeeper,0,0,0,,,,,,,,,,,,,,,0,0,0,0,0,,,,,0,0,0,0,,0,,,,,,,,,,
518,Marc Muniesa ,Defender,0,0,0,0,0%,0,0,0,0,0,0,0,0,0,0,0,0,0,0,0,0,0,0,0,0%,0,0,0,0,0,0,0,0,0,0,0,,,,,,
519,Arijanet Muric ,Goalkeeper,0,0,0,,,,,,,,,,,,,,,0,0,0,0,0,,,,,0,0,0,0,,0,,,,,,,,,,
520,Jamie Murphy ,Forward,4,,,2,100%,,1,1,1,0,,6,8,8,1,0,2,,0,0,43,10.75,0,2,0%,0,1,0,0,1,1,0,0,0,0,0,0,,,,,
521,Glenn Murray ,Forward,35,,,18,,,7,5,27,19,,,,,,,,,,0,664,18.97,2,9,,,,9,0,60,35,12,3,7,2,0,0.34,,,,,
522,Ahmed Musa ,Forward,0,,,0,,,0,0,0,0,,,,,,,,,,0,0,0,0,0,,,,0,0,0,0,0,0,0,0,0,0,,,,,
523,Charly Musonda ,Midfielder,3,,,1,0%,,1,0,0,0,,1,4,6,1,1,0,,0,1,18,6,1,0,0%,2,1,0,0,3,0,0,0,0,0,0,0,,,,,
524,Shkodran Mustafi ,Defender,27,9,30,64,72%,1,3,57,171,112,0,158,198,129,1,122,74,0,2,1,"1,734",64.22,3,12,25%,5,73,6,0,26,2,3,2,1,0,0,,,,,,
525,Jordon Mutch ,Midfielder,0,,,0,0%,,0,0,0,0,,0,0,0,0,0,0,,0,0,0,0,0,0,0%,0,0,0,0,0,0,0,0,0,0,0,0,,,,,
526,Boaz Myhill ,Goalkeeper,1,0,1,,,,,,,,,,,,,,,0,0,0,19,19,,,,,8,1,0,1,,0,,,,,,,,,,
527,Clinton N'Jie ,Forward,0,,,0,,,0,0,0,0,,,,,,,,,,0,0,0,0,0,,,,0,0,0,0,0,0,0,0,0,0,,,,,
528,Nacho Monreal ,Defender,28,10,29,54,59%,1,5,56,74,41,1,155,139,119,6,62,63,0,1,2,"1,719",61.39,4,31,19%,0,45,3,0,19,2,5,1,1,3,1,,,,,,
529,Luciano Narsingh ,Forward,18,,,7,,,1,3,3,0,,,,,,,,,,0,194,10.78,2,23,,,,0,0,3,4,1,0,0,1,1,0.06,,,,,
530,Samir Nasri ,Midfielder,0,,,0,0%,,0,0,0,0,,0,0,0,0,0,0,,0,0,0,0,0,0,0%,0,0,0,0,0,0,0,0,0,0,0,0,,,,,
531,Kyle Naughton ,Defender,34,8,50,92,65%,1,7,60,102,47,0,198,208,187,24,69,68,1,0,2,"1,638",48.18,0,62,15%,0,73,1,0,31,0,0,0,0,0,0,,,,,,
532,Mikael Ndjoli ,Forward,0,,,0,,,0,0,0,0,,,,,,,,,,0,0,0,0,0,,,,0,0,0,0,0,0,0,0,0,0,,,,,
533,Didier Ndong ,Midfielder,0,,,0,0%,,0,0,0,0,,0,0,0,0,0,0,,0,0,0,0,0,0,0%,0,0,0,0,0,0,0,0,0,0,0,0,,,,,
534,Layton Ndukwu ,Forward,0,,,0,,,0,0,0,0,,,,,,,,,,0,0,0,0,0,,,,0,0,0,0,0,0,0,0,0,0,,,,,
535,Reiss Nelson ,Forward,3,,,4,,,0,3,0,0,,,,,,,,,,0,79,26.33,0,1,,,,0,0,0,0,0,0,0,0,0,0,,,,,
536,Vashon Neufville ,Defender,0,0,0,0,0%,0,0,0,0,0,0,0,0,0,0,0,0,0,0,0,0,0,0,0,0%,0,0,0,0,0,0,0,0,0,0,0,,,,,,
537,Julien Ngoy ,Forward,1,,,1,,,0,0,0,0,,,,,,,,,,0,5,5,0,0,,,,0,0,1,0,0,0,0,0,0,0,,,,,
538,Oumar Niasse ,Forward,22,,,10,,,7,2,6,4,,,,,,,,,,2,250,11.36,3,7,,,,2,0,31,20,8,1,4,2,3,0.36,,,,,
539,Eddie Nketiah ,Forward,3,,,1,,,0,0,0,0,,,,,,,,,,0,7,2.33,0,0,,,,0,0,1,0,0,0,0,0,0,0,,,,,
540,Georges-Kévin Nkoudou ,Midfielder,9,,,7,86%,,1,1,1,1,,21,20,32,6,0,1,,0,0,83,9.22,0,13,8%,0,4,1,0,4,0,0,0,0,0,0,0,,,,,
541,Lukas Nmecha ,Forward,2,,,0,,,0,0,0,0,,,,,,,,,,0,5,2.5,0,0,,,,0,0,0,0,0,0,0,0,0,0,,,,,
542,Mark Noble ,Midfielder,29,,,61,59%,,4,47,22,8,,222,137,129,20,10,14,,0,0,"1,324",45.66,2,23,35%,8,114,6,0,28,2,4,0,4,0,0,0.14,,,,,
543,Nolito ,Forward,0,,,0,,,0,0,0,0,,,,,,,,,,0,0,0,0,0,,,,0,0,0,0,0,0,0,0,0,0,,,,,
544,Kristoffer Nordfeldt ,Goalkeeper,0,0,0,,,,,,,,,,,,,,,0,0,0,0,0,,,,,0,0,0,0,,0,,,,,,,,,,
545,Nordin Amrabat ,Forward,3,,,6,,,0,0,2,1,,,,,,,,,,0,66,22,0,9,,,,0,0,6,2,0,0,0,0,0,0,,,,,
546,Mathias Normann ,Midfielder,0,,,0,0%,,0,0,0,0,,0,0,0,0,0,0,,0,0,0,0,0,0,0%,0,0,0,0,0,0,0,0,0,0,0,0,,,,,
547,Oliver Norwood ,Midfielder,0,,,0,0%,,0,0,0,0,,0,0,0,0,0,0,,0,0,0,0,0,0,0%,0,0,0,0,0,0,0,0,0,0,0,0,,,,,
548,Allan-Roméo Nyom ,Defender,29,7,40,64,61%,0,1,27,83,47,0,147,115,90,10,22,19,0,0,1,753,25.97,2,88,26%,0,37,7,0,20,0,0,0,0,0,0,,,,,,
549,Lewis O'Brien ,Midfielder,0,,,0,0%,,0,0,0,0,,0,0,0,0,0,0,,0,0,0,0,0,0,0%,0,0,0,0,0,0,0,0,0,0,0,0,,,,,
550,Keelan O'Connell ,Midfielder,0,,,0,0%,,0,0,0,0,,0,0,0,0,0,0,,0,0,0,0,0,0,0%,0,0,0,0,0,0,0,0,0,0,0,0,,,,,
551,Stefan O'Connor ,Defender,0,0,0,0,0%,0,0,0,0,0,0,0,0,0,0,0,0,0,0,0,0,0,0,0,0%,0,0,0,0,0,0,0,0,0,0,0,,,,,,
552,Kieran O'Hara ,Goalkeeper,0,0,0,,,,,,,,,,,,,,,0,0,0,0,0,,,,,0,0,0,0,,0,,,,,,,,,,
553,Aiden O'Neill ,Midfielder,0,,,0,0%,,0,0,0,0,,0,0,0,0,0,0,,0,0,0,0,0,0,0%,0,0,0,0,0,0,0,0,0,0,0,0,,,,,
554,Dara O'Shea ,Defender,0,0,0,0,0%,0,0,0,0,0,0,0,0,0,0,0,0,0,0,0,0,0,0,0,0%,0,0,0,0,0,0,0,0,0,0,0,,,,,,
555,Tashan Oakley-Boothe ,Midfielder,0,,,0,0%,,0,0,0,0,,0,0,0,0,0,0,,0,0,0,0,0,0,0%,0,0,0,0,0,0,0,0,0,0,0,0,,,,,
556,Michael Obafemi ,Forward,1,,,0,,,0,0,0,0,,,,,,,,,,0,1,1,0,0,,,,0,0,0,0,0,0,0,0,0,0,,,,,
557,Pedro Obiang ,Midfielder,21,,,53,64%,,4,24,19,9,,124,121,106,24,20,27,,0,0,757,36.05,1,8,38%,2,49,3,0,27,0,2,0,1,1,1,0.1,,,,,
558,Angelo Ogbonna ,Defender,32,7,60,30,80%,0,3,58,191,103,0,135,135,101,9,80,73,0,0,0,"1,013",31.66,1,2,100%,1,90,3,0,15,0,1,1,0,0,0,,,,,,
559,Sheyi Ojo ,Midfielder,0,,,0,0%,,0,0,0,0,,0,0,0,0,0,0,,0,0,0,0,0,0,0%,0,0,0,0,0,0,0,0,0,0,0,0,,,,,
560,Stefano Okaka ,Forward,15,,,6,,,2,0,0,0,,,,,,,,,,1,154,10.27,0,1,,,,2,0,21,4,1,1,0,0,1,0.07,,,,,
561,Shinji Okazaki ,Forward,27,,,25,,,5,8,5,4,,,,,,,,,,2,386,14.3,2,6,,,,2,0,20,9,6,1,5,0,0,0.22,,,,,
562,Ola Aina ,Defender,0,0,0,0,0%,0,0,0,0,0,0,0,0,0,0,0,0,0,0,0,0,0,0,0,0%,0,0,0,0,0,0,0,0,0,0,0,,,,,,
563,Olufela Olomola ,Forward,0,,,0,,,0,0,0,0,,,,,,,,,,0,0,0,0,0,,,,0,0,0,0,0,0,0,0,0,0,,,,,
564,Martin Olsson ,Defender,36,8,50,34,76%,0,5,31,67,27,0,155,116,115,11,47,34,0,0,1,"1,144",31.78,0,163,14%,0,46,7,0,27,2,0,0,0,0,0,,,,,,
565,Josh Onomah ,Midfielder,0,,,0,0%,,0,0,0,0,,0,0,0,0,0,0,,0,0,0,0,0,0,0%,0,0,0,0,0,0,0,0,0,0,0,0,,,,,
566,Henry Onyekuru ,Forward,0,,,0,,,0,0,0,0,,,,,,,,,,0,0,0,0,0,,,,0,0,0,0,0,0,0,0,0,0,,,,,
567,Divock Origi ,Forward,1,,,0,,,0,0,0,0,,,,,,,,,,0,2,2,0,0,,,,0,0,0,0,0,0,0,0,0,0,,,,,
568,Jordi Osei-Tutu ,Defender,0,0,0,0,0%,0,0,0,0,0,0,0,0,0,0,0,0,0,0,0,0,0,0,0,0%,0,0,0,0,0,0,0,0,0,0,0,,,,,,
569,David Ospina ,Goalkeeper,5,2,3,,,,,,,,,,,,,,,0,0,0,117,23.4,,,,,22,0,0,0,,0,,,,,,,,,,
570,Nicolás Otamendi ,Defender,34,14,25,58,74%,0,6,48,122,76,1,190,161,121,5,79,68,1,3,0,"3,074",90.41,1,2,0%,3,146,9,0,28,0,4,2,2,0,2,,,,,,
571,Reece Oxford ,Midfielder,1,,,2,50%,,0,0,0,0,,0,2,1,0,0,0,,0,0,2,2,0,0,0%,0,0,0,0,1,0,0,0,0,0,0,0,,,,,
572,Alex Oxlade-Chamberlain ,Midfielder,35,,,37,65%,,16,26,13,6,,113,118,112,57,15,33,,0,7,836,23.89,5,86,24%,13,60,3,0,17,3,3,0,2,1,1,0.09,,,,,
573,Mesut Özil ,Midfielder,26,,,20,65%,,13,12,5,2,,100,79,92,36,1,12,,0,8,"1,809",69.58,13,98,26%,18,57,4,0,18,12,4,1,0,3,0,0.15,,,,,
574,Kasey Palmer ,Midfielder,4,,,6,50%,,1,0,1,0,,8,12,22,3,2,7,,0,0,53,13.25,0,4,25%,1,1,2,0,4,0,0,0,0,0,0,0,,,,,
575,Erik Palmer-Brown ,Defender,0,0,0,0,0%,0,0,0,0,0,0,0,0,0,0,0,0,0,0,0,0,0,0,0,0%,0,0,0,0,0,0,0,0,0,0,0,,,,,,
576,Costel Pantilimon ,Goalkeeper,0,0,0,,,,,,,,,,,,,,,0,0,0,0,0,,,,,0,0,0,0,,0,,,,,,,,,,
577,Juan Carlos Paredes ,Defender,0,0,0,0,0%,0,0,0,0,0,0,0,0,0,0,0,0,0,0,0,0,0,0,0,0%,0,0,0,0,0,0,0,0,0,0,0,,,,,,
578,Mario Pasalic ,Midfielder,0,,,0,0%,,0,0,0,0,,0,0,0,0,0,0,,0,0,0,0,0,0,0%,0,0,0,0,0,0,0,0,0,0,0,0,,,,,
579,Josh Pask ,Defender,0,0,0,0,0%,0,0,0,0,0,0,0,0,0,0,0,0,0,0,0,0,0,0,0,0%,0,0,0,0,0,0,0,0,0,0,0,,,,,,
580,Jack Payne ,Midfielder,0,,,0,0%,,0,0,0,0,,0,0,0,0,0,0,,0,0,0,0,0,0,0%,0,0,0,0,0,0,0,0,0,0,0,0,,,,,
581,Pedro ,Forward,31,,,20,,,12,13,6,1,,,,,,,,,,2,654,21.1,0,46,,,,1,0,9,15,4,0,4,0,1,0.13,,,,,
582,Adalberto Peñaranda ,Forward,0,,,0,,,0,0,0,0,,,,,,,,,,0,0,0,0,0,,,,0,0,0,0,0,0,0,0,0,0,,,,,
583,Matthew Pennington ,Defender,0,0,0,0,0%,0,0,0,0,0,0,0,0,0,0,0,0,0,0,0,0,0,0,0,0%,0,0,0,0,0,0,0,0,0,0,0,,,,,,
584,Dion Pereira ,Forward,0,,,0,,,0,0,0,0,,,,,,,,,,0,0,0,0,0,,,,0,0,0,0,0,0,0,0,0,0,,,,,
585,Roberto Pereyra ,Midfielder,32,,,10,80%,,11,9,3,1,,101,71,116,31,3,17,,0,2,676,21.13,6,49,29%,1,33,3,0,18,2,5,0,5,0,1,0.16,,,,,
586,Lucas Pérez ,Forward,0,,,0,,,0,0,0,0,,,,,,,,,,0,0,0,0,0,,,,0,0,0,0,0,0,0,0,0,0,,,,,
587,Kleton Perntreou ,Goalkeeper,0,0,0,,,,,,,,,,,,,,,0,0,0,0,0,,,,,0,0,0,0,,0,,,,,,,,,,
588,Philippe Coutinho ,Midfielder,14,,,17,82%,,23,10,2,1,,60,78,77,39,1,7,,0,6,690,49.29,7,58,34%,17,38,0,0,5,4,7,1,6,0,2,0.5,,,,,
589,Michael Phillips ,Midfielder,0,,,0,0%,,0,0,0,0,,0,0,0,0,0,0,,0,0,0,0,0,0,0%,0,0,0,0,0,0,0,0,0,0,0,0,,,,,
590,Jordan Pickford ,Goalkeeper,38,10,58,,,,,,,,,,,,,,,0,2,0,"1,162",30.58,,,,,336,0,0,1,,0,,,,,,,,,,
591,Jérémy Pied ,Defender,2,0,3,9,67%,0,0,8,4,0,0,15,14,4,2,1,0,0,0,1,96,48,0,7,14%,0,3,0,0,1,0,0,0,0,0,0,,,,,,
592,Erik Pieters ,Defender,31,4,50,71,66%,0,0,61,106,48,1,154,159,157,9,53,46,0,1,1,"1,000",32.26,3,64,20%,0,53,5,0,58,2,0,0,0,0,0,,,,,,
593,Paul Pogba ,Midfielder,27,,,33,70%,,29,21,25,14,,161,208,165,75,51,30,,0,10,"1,721",63.74,4,28,14%,15,110,5,1,44,3,6,1,5,0,2,0.22,,,,,
594,Nick Pope ,Goalkeeper,35,11,35,,,,,,,,,,,,,,,0,0,0,"1,099",31.4,,,,,362,3,0,1,,0,,,,,,,,,,
595,Alex Pritchard ,Midfielder,14,,,19,42%,,11,5,8,1,,69,58,66,14,2,19,,0,1,344,24.57,5,48,27%,1,12,1,0,5,1,1,0,0,1,0,0.07,,,,,
596,Sebastian Prödl ,Defender,21,5,29,22,77%,0,1,31,89,36,0,76,73,56,0,45,28,0,0,0,568,27.05,1,1,0%,0,54,5,0,21,2,0,0,0,0,0,,,,,,
597,Davy Pröpper ,Midfielder,35,,,73,60%,,10,60,68,27,,245,166,187,36,47,41,,0,4,"1,387",39.63,1,12,25%,2,114,2,1,41,2,0,0,0,0,1,0,,,,,
598,Marc Pugh ,Midfielder,20,,,7,43%,,4,13,13,7,,48,42,65,19,8,16,,0,0,469,23.45,0,32,13%,3,17,2,0,7,2,0,0,0,0,1,0,,,,,
599,Jason Puncheon ,Midfielder,10,,,13,31%,,5,5,4,1,,27,24,41,4,4,8,,0,0,238,23.8,0,20,25%,0,10,5,0,14,0,0,0,0,0,0,0,,,,,
600,Collin Quaner ,Forward,26,,,22,,,4,11,13,2,,,,,,,,,,4,422,16.23,3,22,,,,4,0,14,3,0,0,0,0,0,0,,,,,
601,Rafael Camacho ,Midfielder,0,,,0,0%,,0,0,0,0,,0,0,0,0,0,0,,0,0,0,0,0,0,0%,0,0,0,0,0,0,0,0,0,0,0,0,,,,,
602,Erdal Rakip ,Midfielder,0,,,0,0%,,0,0,0,0,,0,0,0,0,0,0,,0,0,0,0,0,0,0%,0,0,0,0,0,0,0,0,0,0,0,0,,,,,
603,Ramadan Sobhi ,Midfielder,24,,,32,66%,,3,14,12,7,,90,86,96,30,11,17,,0,0,421,17.54,0,16,25%,1,5,2,0,14,3,2,0,2,0,0,0.08,,,,,
604,Sandro Ramírez ,Forward,8,,,2,,,3,1,0,0,,,,,,,,,,0,82,10.25,0,6,,,,0,0,1,1,0,0,0,0,0,0,,,,,
605,Aaron Ramsdale ,Goalkeeper,0,0,0,,,,,,,,,,,,,,,0,0,0,0,0,,,,,0,0,0,0,,0,,,,,,,,,,
606,Aaron Ramsey ,Midfielder,24,,,35,77%,,11,24,6,4,,128,107,122,29,10,16,,0,8,"1,239",51.63,9,17,18%,10,43,0,0,28,0,7,0,6,1,2,0.29,,,,,
607,Connor Randall ,Defender,0,0,0,0,0%,0,0,0,0,0,0,0,0,0,0,0,0,0,0,0,0,0,0,0,0%,0,0,0,0,0,0,0,0,0,0,0,,,,,,
608,Darren Randolph ,Goalkeeper,0,0,0,,,,,,,,,,,,,,,0,0,0,0,0,,,,,0,0,0,0,,0,,,,,,,,,,
609,Angel Rangel ,Defender,4,0,3,4,75%,0,0,3,3,1,0,12,5,10,0,1,5,0,0,0,95,23.75,0,6,17%,0,2,0,0,1,0,0,0,0,0,0,,,,,,
610,Marcus Rashford ,Forward,35,,,14,,,23,8,14,8,,,,,,,,,,5,576,16.46,7,81,,,,3,0,21,9,7,2,5,0,2,0.2,,,,,
611,Nathan Redmond ,Midfielder,31,,,32,53%,,13,15,14,6,,126,109,120,55,4,15,,1,3,799,25.77,6,69,25%,5,41,3,0,19,4,1,1,0,0,1,0.03,,,,,
612,Harrison Reed ,Midfielder,0,,,0,0%,,0,0,0,0,,0,0,0,0,0,0,,0,0,0,0,0,0,0%,0,0,0,0,0,0,0,0,0,0,0,0,,,,,
613,Winston Reid ,Defender,17,5,27,11,82%,0,1,22,101,57,0,80,69,53,0,44,25,0,0,0,659,38.76,0,1,0%,0,54,5,0,14,0,0,0,0,0,0,,,,,,
614,Jeff Reine-Adélaïde ,Midfielder,0,,,0,0%,,0,0,0,0,,0,0,0,0,0,0,,0,0,0,0,0,0,0%,0,0,0,0,0,0,0,0,0,0,0,0,,,,,
615,Loïc Rémy ,Forward,0,,,0,,,0,0,0,0,,,,,,,,,,0,0,0,0,0,,,,0,0,0,0,0,0,0,0,0,0,,,,,
616,Renato Sanches ,Midfielder,12,,,12,58%,,3,7,4,2,,50,59,72,25,2,13,,0,0,379,31.58,0,32,16%,1,17,1,0,8,0,0,0,0,0,0,0,,,,,
617,Declan Rice ,Midfielder,26,,,36,67%,,2,27,70,33,,72,71,53,2,31,35,,1,0,573,22.04,0,5,0%,1,43,1,0,5,0,0,0,0,0,0,0,,,,,
618,Richarlison ,Forward,38,,,64,,,26,24,29,20,,,,,,,,,,4,804,21.16,6,51,,,,4,0,37,21,5,1,2,2,2,0.13,,,,,
619,Jairo Riedewald ,Midfielder,12,,,11,73%,,0,12,12,6,,23,18,11,3,4,3,,0,0,155,12.92,0,2,100%,0,13,0,0,3,0,0,0,0,0,0,0,,,,,
620,Matt Ritchie ,Midfielder,35,,,46,70%,,23,35,53,27,,184,131,203,16,33,81,,1,5,"1,046",29.89,10,190,22%,7,48,6,0,37,3,3,0,1,2,3,0.09,,,,,
621,Emmanuel Rivière ,Forward,0,,,0,,,0,0,0,0,,,,,,,,,,0,0,0,0,0,,,,0,0,0,0,0,0,0,0,0,0,,,,,
622,Rob Hunt ,Defender,0,0,0,0,0%,0,0,0,0,0,0,0,0,0,0,0,0,0,0,0,0,0,0,0,0%,0,0,0,0,0,0,0,0,0,0,0,,,,,,
623,Roberto Firmino ,Forward,37,,,65,,,24,18,9,6,,,,,,,,,,7,"1,169",31.59,11,43,,,,1,0,57,13,15,3,10,2,1,0.41,,,,,
624,Patrick Roberts ,Midfielder,0,,,0,0%,,0,0,0,0,,0,0,0,0,0,0,,0,0,0,0,0,0,0%,0,0,0,0,0,0,0,0,0,0,0,0,,,,,
625,Andrew Robertson ,Defender,22,9,18,31,55%,1,3,26,49,16,0,140,59,58,9,15,10,0,0,5,"1,421",64.59,8,88,13%,3,41,2,0,15,5,1,0,0,1,0,,,,,,
626,Joel Robles ,Goalkeeper,0,0,0,,,,,,,,,,,,,,,0,0,0,0,0,,,,,0,0,0,0,,0,,,,,,,,,,
627,Hal Robson-Kanu ,Forward,21,,,5,,,4,4,9,4,,,,,,,,,,0,184,8.76,0,19,,,,2,1,20,6,2,1,1,0,1,0.1,,,,,
628,Joe Rodon ,Defender,0,0,0,0,0%,0,0,0,0,0,0,0,0,0,0,0,0,0,0,0,0,0,0,0,0%,0,0,0,0,0,0,0,0,0,0,0,,,,,,
629,Jay Rodriguez ,Forward,37,,,31,,,16,19,37,30,,,,,,,,,,1,704,19.03,3,30,,,,2,0,43,18,7,2,5,0,2,0.19,,,,,
630,Marcos Rojo ,Defender,9,3,8,7,71%,0,2,7,54,30,0,37,31,22,4,16,7,0,0,0,358,39.78,0,1,0%,0,19,6,0,8,0,0,0,0,0,0,,,,,,
631,Sergio Romero ,Goalkeeper,1,1,0,,,,,,,,,,,,,,,0,0,0,20,20,,,,,6,0,0,0,,0,,,,,,,,,,
632,Oriol Romeu ,Midfielder,34,,,93,69%,,7,69,72,37,,255,241,214,15,97,82,,0,0,"1,843",54.21,3,6,17%,2,89,11,0,53,3,1,0,1,0,1,0.03,,,,,
633,Salomón Rondón ,Forward,36,,,14,,,11,15,20,17,,,,,,,,,,3,833,23.14,3,35,,,,4,0,42,28,7,1,1,4,2,0.19,,,,,
634,Wayne Rooney ,Forward,31,,,28,,,8,16,36,16,,,,,,,,,,2,"1,162",37.48,3,62,,,,5,0,35,8,10,2,7,1,1,0.32,,,,,
635,Danny Rose ,Defender,10,1,14,15,73%,0,3,9,10,2,1,45,58,49,11,8,5,0,0,1,378,37.8,0,57,19%,0,20,4,0,12,0,0,0,0,0,0,,,,,,
636,Liam Rosenior ,Defender,3,0,3,4,75%,0,0,4,7,4,0,5,6,5,0,2,1,0,0,0,65,21.67,0,1,0%,0,3,0,0,1,0,0,0,0,0,0,,,,,,
637,Wayne Routledge ,Midfielder,15,,,10,50%,,1,2,4,1,,28,21,34,6,5,9,,0,0,160,10.67,0,15,27%,0,1,1,0,9,0,0,0,0,0,0,0,,,,,
638,Charlie Rowan ,Defender,0,0,0,0,0%,0,0,0,0,0,0,0,0,0,0,0,0,0,0,0,0,0,0,0,0%,0,0,0,0,0,0,0,0,0,0,0,,,,,,
639,Antonio Rüdiger ,Defender,27,12,22,31,68%,0,5,24,101,52,1,175,111,99,8,59,39,0,0,1,"1,709",63.3,1,10,0%,3,102,4,0,26,2,2,2,0,0,0,,,,,,
640,Mat Ryan ,Goalkeeper,38,10,54,,,,,,,,,,,,,,,0,2,0,"1,053",27.71,,,,,364,0,0,0,,0,,,,,,,,,,
641,Abdelhamid Sabiri ,Midfielder,5,,,5,80%,,3,1,2,0,,8,24,26,1,14,13,,0,1,98,19.6,0,1,0%,0,2,1,0,4,1,0,0,0,0,0,0,,,,,
642,Henri Saivet ,Midfielder,1,,,5,60%,,0,4,8,3,,4,7,4,0,2,1,,1,0,24,24,0,2,0%,0,0,0,0,0,0,1,0,1,0,0,1,,,,,
643,Mamadou Sakho ,Defender,19,6,23,21,67%,1,1,30,99,61,0,140,75,51,6,41,35,0,1,2,739,38.89,2,0,0%,1,28,1,0,3,0,1,0,1,0,1,,,,,,
644,Bakary Sako ,Midfielder,16,,,7,86%,,5,1,0,0,,27,32,49,7,11,16,,0,0,131,8.19,3,27,22%,0,6,0,0,8,4,3,0,1,2,0,0.19,,,,,
645,Martin Samuelsen ,Midfielder,0,,,0,0%,,0,0,0,0,,0,0,0,0,0,0,,0,0,0,0,0,0,0%,0,0,0,0,0,0,0,0,0,0,0,0,,,,,
646,Alexis Sánchez ,Forward,31,,,41,,,30,23,0,0,,,,,,,,,,6,"1,455",46.94,10,97,,,,5,0,31,26,9,1,7,1,4,0.29,,,,,
647,Jadon Sancho ,Midfielder,0,,,0,0%,,0,0,0,0,,0,0,0,0,0,0,,0,0,0,0,0,0,0%,0,0,0,0,0,0,0,0,0,0,0,0,,,,,
648,Max Sanders ,Midfielder,0,,,0,0%,,0,0,0,0,,0,0,0,0,0,0,,0,0,0,0,0,0,0%,0,0,0,0,0,0,0,0,0,0,0,0,,,,,
649,Leroy Sané ,Midfielder,32,,,27,78%,,18,13,6,1,,122,154,160,85,16,14,,0,15,"1,091",34.09,13,93,23%,2,14,4,0,24,7,10,0,0,10,2,0.31,,,,,
650,Santi Cazorla ,Midfielder,0,,,0,0%,,0,0,0,0,,0,0,0,0,0,0,,0,0,0,0,0,0,0%,0,0,0,0,0,0,0,0,0,0,0,0,,,,,
651,Sean Scannell ,Midfielder,0,,,0,0%,,0,0,0,0,,0,0,0,0,0,0,,0,0,0,0,0,0,0%,0,0,0,0,0,0,0,0,0,0,0,0,,,,,
652,Ezequiel Schelotto ,Defender,20,0,30,20,65%,0,1,19,51,30,0,74,73,62,15,27,19,0,0,0,455,22.75,1,33,15%,1,32,3,0,8,0,0,0,0,0,0,,,,,,
653,Christopher Schindler ,Defender,37,9,53,83,73%,2,2,75,265,143,0,156,258,139,2,155,95,0,0,1,"1,389",37.54,3,4,0%,0,93,6,1,30,1,0,0,0,0,1,,,,,,
654,Jeffrey Schlupp ,Midfielder,24,,,57,63%,,3,24,54,29,,113,116,127,13,39,51,,0,1,654,27.25,2,31,10%,0,27,3,0,18,0,0,0,0,0,0,0,,,,,
655,Kasper Schmeichel ,Goalkeeper,33,8,47,,,,,,,,,,,,,,,1,2,0,"1,032",31.27,,,,,331,3,0,0,,0,,,,,,,,,,
656,Morgan Schneiderlin ,Midfielder,30,,,58,69%,,2,61,59,25,,170,116,121,6,37,37,,0,0,"1,130",37.67,0,8,25%,0,63,5,1,39,0,0,0,0,0,0,0,,,,,
657,Ryan Schofield ,Goalkeeper,0,0,0,,,,,,,,,,,,,,,0,0,0,0,0,,,,,0,0,0,0,,0,,,,,,,,,,
658,Kyle Scott ,Midfielder,0,,,0,0%,,0,0,0,0,,0,0,0,0,0,0,,0,0,0,0,0,0,0%,0,0,0,0,0,0,0,0,0,0,0,0,,,,,
659,Matz Sels ,Goalkeeper,0,0,0,,,,,,,,,,,,,,,0,0,0,0,0,,,,,0,0,0,0,,0,,,,,,,,,,
660,Xherdan Shaqiri ,Midfielder,36,,,25,68%,,17,16,4,2,,153,119,160,39,5,20,,0,7,"1,055",29.31,14,201,28%,15,76,5,0,28,15,8,1,1,6,2,0.22,,,,,
661,Samuel Shashoua ,Midfielder,0,,,0,0%,,0,0,0,0,,0,0,0,0,0,0,,0,0,0,0,0,0,0%,0,0,0,0,0,0,0,0,0,0,0,0,,,,,
662,Luke Shaw ,Defender,11,6,2,18,83%,0,5,4,19,11,0,42,49,38,6,17,19,0,0,0,477,43.36,0,30,0%,0,8,2,0,4,0,0,0,0,0,1,,,,,,
663,Ryan Shawcross ,Defender,27,5,40,36,56%,3,2,40,215,135,0,80,207,113,3,154,79,1,1,1,665,24.63,0,0,0%,0,57,2,0,26,4,1,1,0,0,1,,,,,,
664,Ben Sheaf ,Midfielder,0,,,0,0%,,0,0,0,0,,0,0,0,0,0,0,,0,0,0,0,0,0,0%,0,0,0,0,0,0,0,0,0,0,0,0,,,,,
665,Jonjo Shelvey ,Midfielder,30,,,39,62%,,15,28,28,7,,199,90,83,23,20,13,,0,3,"1,382",46.07,4,79,32%,21,157,2,2,23,0,1,0,1,0,2,0.03,,,,,
666,Oliver Shenton ,Midfielder,0,,,0,0%,,0,0,0,0,,0,0,0,0,0,0,,0,0,0,0,0,0,0%,0,0,0,0,0,0,0,0,0,0,0,0,,,,,
667,Steve Sidwell ,Midfielder,0,,,0,0%,,0,0,0,0,,0,0,0,0,0,0,,0,0,0,0,0,0,0%,0,0,0,0,0,0,0,0,0,0,0,0,,,,,
668,Gylfi Sigurdsson ,Midfielder,27,,,38,68%,,14,34,30,8,,120,93,133,20,19,39,,0,3,700,25.93,5,150,23%,6,12,2,0,19,1,4,0,4,0,0,0.15,,,,,
669,David Silva ,Midfielder,29,,,32,66%,,12,18,6,2,,135,120,107,38,17,11,,0,11,"2,429",83.76,14,74,22%,18,44,5,0,21,4,9,0,0,9,1,0.31,,,,,
670,Jack Simpson ,Defender,1,0,2,1,100%,0,0,0,4,1,0,1,1,1,0,0,0,0,0,0,5,5,0,0,0%,0,0,0,0,0,0,0,0,0,0,0,,,,,,
671,Josh Sims ,Midfielder,6,,,4,75%,,4,1,0,0,,5,11,19,2,4,4,,0,0,62,10.33,0,3,67%,0,0,0,0,1,2,0,0,0,0,1,0,,,,,
672,Jerome Sinclair ,Forward,4,,,0,,,0,1,0,0,,,,,,,,,,0,8,2,0,0,,,,0,0,1,0,0,0,0,0,0,0,,,,,
673,Moussa Sissoko ,Midfielder,33,,,23,74%,,5,9,21,16,,108,64,70,18,16,17,,0,1,869,26.33,2,19,21%,3,29,3,0,23,3,1,0,0,1,0,0.03,,,,,
674,Jiri Skalak ,Midfielder,0,,,0,0%,,0,0,0,0,,0,0,0,0,0,0,,0,0,0,0,0,0,0%,0,0,0,0,0,0,0,0,0,0,0,0,,,,,
675,Islam Slimani ,Forward,16,,,2,,,0,1,3,2,,,,,,,,,,1,157,9.81,0,7,,,,1,0,3,4,1,0,1,0,0,0.06,,,,,
676,Chris Smalling ,Defender,29,11,24,40,63%,0,3,63,159,89,0,139,165,84,3,108,52,0,0,0,"1,137",39.21,0,0,0%,0,44,4,0,24,2,4,2,1,1,0,,,,,,
677,Adam Smith ,Defender,27,2,38,49,71%,0,1,31,56,23,0,105,130,110,29,15,28,0,0,3,912,33.78,1,35,29%,1,31,6,0,23,1,1,0,1,0,0,,,,,,
678,Robert Snodgrass ,Midfielder,0,,,0,0%,,0,0,0,0,,0,0,0,0,0,0,,0,0,0,0,0,0,0%,0,0,0,0,0,0,0,0,0,0,0,0,,,,,
679,Rubén Sobrino ,Forward,0,,,0,,,0,0,0,0,,,,,,,,,,0,0,0,0,0,,,,0,0,0,0,0,0,0,0,0,0,,,,,
680,Dominic Solanke ,Forward,21,,,7,,,4,2,7,4,,,,,,,,,,1,197,9.38,4,3,,,,0,0,13,1,1,0,1,0,1,0.05,,,,,
681,Son Heung-Min ,Forward,37,,,17,,,19,10,9,2,,,,,,,,,,6,916,24.76,9,51,,,,0,0,15,25,12,2,5,5,2,0.32,,,,,
682,Pape Souaré ,Defender,1,0,0,0,0%,0,0,0,0,0,0,0,0,0,0,0,0,0,0,0,9,9,0,0,0%,0,0,0,0,0,0,0,0,0,0,0,,,,,,
683,Harry Souttar ,Defender,0,0,0,0,0%,0,0,0,0,0,0,0,0,0,0,0,0,0,0,0,0,0,0,0,0%,0,0,0,0,0,0,0,0,0,0,0,,,,,,
684,Julian Speroni ,Goalkeeper,11,2,14,,,,,,,,,,,,,,,0,0,0,294,26.73,,,,,87,0,0,0,,0,,,,,,,,,,
685,Raphael Spiegel ,Goalkeeper,0,0,0,,,,,,,,,,,,,,,0,0,0,0,0,,,,,0,0,0,0,,0,,,,,,,,,,
686,Konstantinos Stafylidis ,Defender,5,0,6,12,50%,0,2,5,11,8,1,15,22,13,2,3,2,0,0,0,94,18.8,0,10,0%,0,4,0,0,4,1,0,0,0,0,0,,,,,,
687,Junior Stanislas ,Midfielder,19,,,16,50%,,14,6,11,4,,74,48,65,20,10,25,,0,2,489,25.74,3,71,20%,4,9,1,0,6,1,5,0,4,1,1,0.26,,,,,
688,Jon Gorenc Stankovic ,Defender,0,0,0,0,0%,0,0,0,0,0,0,0,0,0,0,0,0,0,0,0,0,0,0,0,0%,0,0,0,0,0,0,0,0,0,0,0,,,,,,
689,Maarten Stekelenburg ,Goalkeeper,0,0,0,,,,,,,,,,,,,,,0,0,0,0,0,,,,,0,0,0,0,,0,,,,,,,,,,
690,Dale Stephens ,Midfielder,36,,,104,60%,,7,63,67,36,,293,167,185,18,28,30,,0,3,"1,757",48.81,2,0,0%,3,148,6,0,50,0,0,0,0,0,1,0,,,,,
691,Dujon Sterling ,Defender,0,0,0,0,0%,0,0,0,0,0,0,0,0,0,0,0,0,0,0,0,0,0,0,0,0%,0,0,0,0,0,0,0,0,0,0,0,,,,,,
692,Jamie Sterry ,Defender,0,0,0,0,0%,0,0,0,0,0,0,0,0,0,0,0,0,0,0,0,0,0,0,0,0%,0,0,0,0,0,0,0,0,0,0,0,,,,,,
693,Steve Cook ,Defender,34,5,53,37,51%,1,4,54,225,122,1,138,189,108,1,137,68,1,3,1,"1,321",38.85,1,6,0%,0,104,5,0,22,1,2,2,0,0,1,,,,,,
694,Kevin Stewart ,Midfielder,0,,,0,0%,,0,0,0,0,,0,0,0,0,0,0,,0,0,0,0,0,0,0%,0,0,0,0,0,0,0,0,0,0,0,0,,,,,
695,John Stones ,Defender,18,6,11,15,73%,0,1,19,41,21,0,67,54,28,4,33,11,0,0,0,"1,246",69.22,0,1,0%,0,61,0,0,6,0,0,0,0,0,1,,,,,,
696,Stuart Taylor ,Goalkeeper,0,0,0,,,,,,,,,,,,,,,0,0,0,0,0,,,,,0,0,0,0,,0,,,,,,,,,,
697,Daniel Sturridge ,Forward,15,,,0,,,7,0,1,1,,,,,,,,,,1,158,10.53,1,4,,,,0,0,1,3,2,1,0,1,0,0.13,,,,,
698,Mario Suárez ,Midfielder,0,,,0,0%,,0,0,0,0,,0,0,0,0,0,0,,0,0,0,0,0,0,0%,0,0,0,0,0,0,0,0,0,0,0,0,,,,,
699,Andrew Surman ,Midfielder,25,,,16,75%,,4,16,49,27,,123,75,88,13,35,45,,0,5,"1,177",47.08,2,21,19%,2,66,2,0,9,1,2,0,0,2,0,0.08,,,,,
700,Sam Surridge ,Forward,0,,,0,,,0,0,0,0,,,,,,,,,,0,0,0,0,0,,,,0,0,0,0,0,0,0,0,0,0,,,,,
701,Markus Suttner ,Defender,14,4,18,25,60%,0,2,12,37,20,0,59,42,36,1,14,13,0,0,0,438,31.29,0,45,11%,1,40,0,0,5,0,0,0,0,0,0,,,,,,
702,Ryan Sweeney ,Defender,0,0,0,0,0%,0,0,0,0,0,0,0,0,0,0,0,0,0,0,0,0,0,0,0,0%,0,0,0,0,0,0,0,0,0,0,0,,,,,,
703,Wojciech Szczesny ,Goalkeeper,0,0,0,,,,,,,,,,,,,,,0,0,0,0,0,,,,,0,0,0,0,,0,,,,,,,,,,
704,Lasse Sørensen ,Midfielder,1,,,2,100%,,0,0,3,0,,3,2,8,0,0,1,,0,1,54,54,1,1,100%,0,3,0,0,2,0,0,0,0,0,0,0,,,,,
705,Alexander Sørloth ,Forward,4,,,6,,,1,2,5,5,,,,,,,,,,0,107,26.75,0,7,,,,0,0,6,3,0,0,0,0,1,0,,,,,
706,Dusan Tadic ,Forward,36,,,46,,,10,19,18,5,,,,,,,,,,3,"1,111",30.86,8,121,,,,4,0,46,10,6,0,0,6,0,0.17,,,,,
707,Matt Targett ,Defender,2,0,6,6,50%,0,0,3,6,3,1,18,13,6,3,1,2,0,0,0,80,40,1,8,38%,1,6,0,0,1,0,0,0,0,0,0,,,,,,
708,James Tarkowski ,Defender,31,11,30,46,57%,0,3,50,219,143,0,127,225,113,11,147,62,0,0,0,"1,091",35.19,1,4,50%,0,119,5,0,25,3,0,0,0,0,0,,,,,,
709,Kyle Taylor ,Midfielder,0,,,0,0%,,0,0,0,0,,0,0,0,0,0,0,,0,0,0,0,0,0,0%,0,0,0,0,0,0,0,0,0,0,0,0,,,,,
710,George Thomas ,Midfielder,0,,,0,0%,,0,0,0,0,,0,0,0,0,0,0,,0,0,0,0,0,0,0%,0,0,0,0,0,0,0,0,0,0,0,0,,,,,
711,James Tilley ,Midfielder,0,,,0,0%,,0,0,0,0,,0,0,0,0,0,0,,0,0,0,0,0,0,0%,0,0,0,0,0,0,0,0,0,0,0,0,,,,,
712,Tom Dele-Bashiru ,Midfielder,0,,,0,0%,,0,0,0,0,,0,0,0,0,0,0,,0,0,0,0,0,0,0%,0,0,0,0,0,0,0,0,0,0,0,0,,,,,
713,James Tomkins ,Defender,28,8,32,47,55%,1,2,63,213,108,1,124,182,103,6,116,66,0,1,0,888,31.71,0,1,0%,0,75,8,0,20,1,3,1,1,1,2,,,,,,
714,Fikayo Tomori ,Defender,0,0,0,0,0%,0,0,0,0,0,0,0,0,0,0,0,0,0,0,0,0,0,0,0,0%,0,0,0,0,0,0,0,0,0,0,0,,,,,,
715,Toni Martínez ,Forward,0,,,0,,,0,0,0,0,,,,,,,,,,0,0,0,0,0,,,,0,0,0,0,0,0,0,0,0,0,,,,,
716,Tosin Adarabioyo ,Defender,0,0,0,0,0%,0,0,0,0,0,0,0,0,0,0,0,0,0,0,0,0,0,0,0,0%,0,0,0,0,0,0,0,0,0,0,0,,,,,,
717,Cenk Tosun ,Forward,14,,,6,,,3,1,11,8,,,,,,,,,,0,263,18.79,2,7,,,,0,0,25,9,5,2,2,1,0,0.36,,,,,
718,Yaya Touré ,Midfielder,10,,,2,100%,,4,5,4,4,,9,11,11,4,5,4,,0,2,416,41.6,1,0,0%,3,13,1,0,5,0,0,0,0,0,0,0,,,,,
719,Richard Towell ,Midfielder,0,,,0,0%,,0,0,0,0,,0,0,0,0,0,0,,0,0,0,0,0,0,0%,0,0,0,0,0,0,0,0,0,0,0,0,,,,,
720,Andros Townsend ,Midfielder,36,,,60,57%,,21,35,21,5,,182,193,185,84,4,13,,0,7,"1,023",28.42,14,176,26%,3,33,3,0,10,6,2,0,0,2,0,0.06,,,,,
721,Kieran Trippier ,Defender,24,7,21,52,58%,0,1,20,45,23,0,147,120,81,13,36,29,0,0,5,"1,266",52.75,7,122,19%,5,74,1,0,18,3,0,0,0,0,0,,,,,,
722,Nathan Trott ,Goalkeeper,0,0,0,,,,,,,,,,,,,,,0,0,0,0,0,,,,,0,0,0,0,,0,,,,,,,,,,
723,Axel Tuanzebe ,Defender,1,0,0,0,0%,0,0,0,0,0,0,0,0,0,0,0,0,0,0,0,0,0,0,0,0%,0,0,0,0,0,0,0,0,0,0,0,,,,,,
724,Rayhaan Tulloch ,Forward,0,,,0,,,0,0,0,0,,,,,,,,,,0,0,0,0,0,,,,0,0,0,0,0,0,0,0,0,0,,,,,
725,Josh Tymon ,Defender,3,0,9,5,20%,0,0,1,2,1,0,6,6,3,1,0,0,0,0,0,81,27,0,4,0%,0,6,0,0,0,0,0,0,0,0,0,,,,,,
726,Leonardo Ulloa ,Forward,14,,,4,,,0,0,4,3,,,,,,,,,,0,134,9.57,2,0,,,,0,0,7,4,1,1,0,0,0,0.07,,,,,
727,Fredrik Ulvestad ,Midfielder,0,,,0,0%,,0,0,0,0,,0,0,0,0,0,0,,0,0,0,0,0,0,0%,0,0,0,0,0,0,0,0,0,0,0,0,,,,,
728,Luis Antonio Valencia ,Defender,31,14,22,57,56%,0,9,48,60,25,0,188,128,119,29,22,25,0,0,1,"1,602",51.68,1,79,18%,3,75,7,0,38,4,3,0,2,1,0,,,,,,
729,Patrick van Aanholt ,Defender,28,5,38,47,66%,0,9,47,56,24,0,162,89,63,26,6,5,0,0,1,882,31.5,3,56,23%,3,39,7,0,18,3,5,0,2,3,0,,,,,,
730,Mike van der Hoorn ,Defender,24,5,27,32,69%,1,3,39,123,67,0,96,114,82,9,57,45,0,0,0,858,35.75,2,8,38%,0,74,4,0,22,0,1,1,0,0,0,,,,,,
731,Virgil van Dijk ,Defender,26,8,28,25,60%,0,5,47,157,96,0,140,188,72,5,139,51,0,0,0,"1,770",68.08,4,1,0%,3,106,1,0,14,0,0,0,0,0,0,,,,,,
732,Rajiv van La Parra ,Forward,33,,,41,,,17,21,7,6,,,,,,,,,,0,633,19.18,1,84,,,,3,1,29,3,3,0,3,0,1,0.09,,,,,
733,Jamie Vardy ,Forward,37,,,15,,,12,2,17,12,,,,,,,,,,1,463,12.51,5,39,,,,3,0,29,44,20,3,12,5,0,0.54,,,,,
734,Guillermo Varela ,Defender,0,0,0,0,0%,0,0,0,0,0,0,0,0,0,0,0,0,0,0,0,0,0,0,0,0%,0,0,0,0,0,0,0,0,0,0,0,,,,,,
735,Thibaud Verlinden ,Midfielder,0,,,0,0%,,0,0,0,0,,0,0,0,0,0,0,,0,0,0,0,0,0,0%,0,0,0,0,0,0,0,0,0,0,0,0,,,,,
736,Jan Vertonghen ,Defender,36,15,31,64,64%,0,12,60,170,85,0,247,235,111,30,118,66,0,0,0,"2,488",69.11,2,15,13%,2,163,4,0,20,1,0,0,0,0,1,,,,,,
737,Nikola Vlasic ,Midfielder,12,,,9,56%,,2,9,9,4,,39,34,45,13,5,14,,0,0,203,16.92,2,8,25%,2,2,0,0,7,1,0,0,0,0,0,0,,,,,
738,Sam Vokes ,Forward,30,,,3,,,5,3,14,13,,,,,,,,,,1,265,8.83,2,1,,,,3,0,20,12,4,2,2,0,1,0.13,,,,,
739,Michel Vorm ,Goalkeeper,1,0,1,,,,,,,,,,,,,,,0,0,0,24,24,,,,,2,0,0,0,,0,,,,,,,,,,
740,Mark Waddington ,Midfielder,0,,,0,0%,,0,0,0,0,,0,0,0,0,0,0,,0,0,0,0,0,0,0%,0,0,0,0,0,0,0,0,0,0,0,0,,,,,
741,Molla Wagué ,Defender,6,0,8,5,60%,0,0,9,30,18,0,17,22,14,0,16,6,0,0,0,145,24.17,0,1,100%,0,13,0,0,5,0,1,0,1,0,0,,,,,,
742,Theo Walcott ,Forward,20,,,28,,,6,9,11,5,,,,,,,,,,3,326,16.3,5,48,,,,2,0,7,12,3,0,3,0,0,0.15,,,,,
743,Kyle Walker ,Defender,32,14,22,47,66%,0,3,29,67,40,0,175,161,91,26,70,33,1,0,6,"2,362",73.81,6,56,9%,0,87,2,1,17,2,0,0,0,0,0,,,,,,
744,Kyle Walker-Peters ,Defender,3,1,4,5,80%,0,0,3,6,2,0,9,15,16,4,2,4,0,0,2,97,32.33,2,9,22%,0,3,0,0,1,0,0,0,0,0,0,,,,,,
745,Anton Walkes ,Defender,0,0,0,0,0%,0,0,0,0,0,0,0,0,0,0,0,0,0,0,0,0,0,0,0,0%,0,0,0,0,0,0,0,0,0,0,0,,,,,,
746,Jonathan Walters ,Forward,3,,,0,,,0,0,1,0,,,,,,,,,,0,9,3,0,1,,,,0,0,0,0,0,0,0,0,0,0,,,,,
747,Christian Walton ,Goalkeeper,0,0,0,,,,,,,,,,,,,,,0,0,0,0,0,,,,,0,0,0,0,,0,,,,,,,,,,
748,Aaron Wan-Bissaka ,Defender,7,2,10,29,62%,0,0,15,34,15,1,38,54,24,13,9,10,0,0,0,203,29,0,20,20%,0,5,1,0,2,0,0,0,0,0,0,,,,,,
749,Victor Wanyama ,Midfielder,18,,,30,67%,,2,10,20,13,,78,74,63,18,18,15,,1,0,617,34.28,0,2,0%,1,37,2,0,13,0,1,0,1,0,0,0.06,,,,,
750,Stephen Ward ,Defender,28,9,27,39,79%,0,1,42,102,47,0,105,127,70,5,59,28,0,0,1,923,32.96,2,82,18%,0,69,1,0,11,3,1,0,0,1,0,,,,,,
751,James Ward-Prowse ,Midfielder,30,,,23,70%,,7,8,18,14,,98,61,102,5,21,50,,0,3,747,24.9,8,159,23%,0,18,3,0,18,0,3,0,3,0,1,0.1,,,,,
752,Ben Watson ,Midfielder,8,,,19,47%,,1,7,9,2,,37,34,38,0,10,7,,0,0,236,29.5,0,4,25%,0,18,1,0,11,0,0,0,0,0,0,0,,,,,
753,Danny Welbeck ,Forward,28,,,20,,,8,11,12,8,,,,,,,,,,2,392,14,2,2,,,,1,0,13,4,5,2,2,1,1,0.18,,,,,
754,Nahki Wells ,Forward,9,,,4,,,1,0,0,0,,,,,,,,,,0,16,1.78,0,2,,,,0,0,4,0,0,0,0,0,0,0,,,,,
755,Ashley Westwood ,Midfielder,19,,,13,77%,,5,19,16,7,,84,34,39,2,10,5,,0,1,599,31.53,2,13,23%,0,64,2,0,13,0,0,0,0,0,0,0,,,,,
756,Glenn Whelan ,Midfielder,0,,,0,0%,,0,0,0,0,,0,0,0,0,0,0,,0,0,0,0,0,0,0%,0,0,0,0,0,0,0,0,0,0,0,0,,,,,
757,Ben White ,Defender,0,0,0,0,0%,0,0,0,0,0,0,0,0,0,0,0,0,0,0,0,0,0,0,0,0%,0,0,0,0,0,0,0,0,0,0,0,,,,,,
758,Dean Whitehead ,Midfielder,4,,,0,0%,,0,2,0,0,,5,1,1,0,1,0,,0,0,50,12.5,0,0,0%,0,1,0,0,0,0,0,0,0,0,0,0,,,,,
759,Alfie Whiteman ,Goalkeeper,0,0,0,,,,,,,,,,,,,,,0,0,0,0,0,,,,,0,0,0,0,,0,,,,,,,,,,
760,Connor Wickham ,Forward,0,,,0,,,0,0,0,0,,,,,,,,,,0,0,0,0,0,,,,0,0,0,0,0,0,0,0,0,0,,,,,
761,Rhoys Wiggins ,Defender,0,0,0,0,0%,0,0,0,0,0,0,0,0,0,0,0,0,0,0,0,0,0,0,0,0%,0,0,0,0,0,0,0,0,0,0,0,,,,,,
762,Georginio Wijnaldum ,Midfielder,33,,,34,68%,,14,25,19,7,,173,108,101,42,16,29,,0,2,"1,266",38.36,1,2,50%,2,46,1,0,13,4,1,0,1,0,1,0.03,,,,,
763,Wilfred Ndidi ,Midfielder,33,,,138,64%,,14,50,95,47,,296,313,260,33,117,75,,0,3,"1,684",51.03,0,9,11%,7,79,6,2,60,1,0,0,0,0,2,0,,,,,
764,Will Miller ,Midfielder,0,,,0,0%,,0,0,0,0,,0,0,0,0,0,0,,0,0,0,0,0,0,0%,0,0,0,0,0,0,0,0,0,0,0,0,,,,,
765,Ashley Williams ,Defender,24,4,31,23,57%,0,2,36,170,95,1,96,81,73,2,52,42,0,1,0,732,30.5,0,1,0%,0,53,3,1,25,3,1,1,0,0,0,,,,,,
766,Willian ,Forward,36,,,22,,,14,10,9,5,,,,,,,,,,7,924,25.67,8,99,,,,1,0,10,5,6,1,5,0,2,0.17,,,,,
767,Joseph Willock ,Midfielder,2,,,4,50%,,0,1,1,0,,1,4,8,0,0,3,,0,0,40,20,0,0,0%,1,1,0,0,3,0,0,0,0,0,0,0,,,,,
768,Jack Wilshere ,Midfielder,20,,,15,67%,,6,8,5,4,,101,104,73,45,7,7,,0,3,808,40.4,4,3,33%,9,23,6,0,15,1,1,0,0,1,0,0.05,,,,,
769,Marc Wilson ,Midfielder,0,,,0,0%,,0,0,0,0,,0,0,0,0,0,0,,0,0,0,0,0,0,0%,0,0,0,0,0,0,0,0,0,0,0,0,,,,,
770,Kevin Wimmer ,Defender,17,1,32,24,71%,1,1,30,78,40,0,55,51,60,2,19,24,0,0,0,504,29.65,0,2,0%,0,44,5,0,20,0,0,0,0,0,0,,,,,,
771,Harry Winks ,Midfielder,16,,,15,80%,,1,11,8,3,,53,34,33,8,4,6,,0,1,642,40.13,1,10,20%,4,35,0,0,8,0,0,0,0,0,0,0,,,,,
772,Philipp Wollscheid ,Defender,0,0,0,0,0%,0,0,0,0,0,0,0,0,0,0,0,0,0,0,0,0,0,0,0,0%,0,0,0,0,0,0,0,0,0,0,0,,,,,,
773,Chris Wood ,Forward,24,,,7,,,5,0,16,13,,,,,,,,,,1,415,17.29,0,5,,,,1,0,18,27,10,3,5,2,1,0.42,,,,,
774,Ben Woodburn ,Forward,1,,,0,0%,,0,0,0,0,,0,0,0,0,0,0,,0,0,8,8,0,0,0%,0,0,0,0,0,0,0,0,0,0,0,0,,,,,
775,Freddie Woodman ,Goalkeeper,0,0,0,,,,,,,,,,,,,,,0,0,0,0,0,,,,,0,0,0,0,,0,,,,,,,,,,
776,Matthew Worthington ,Midfielder,0,,,0,0%,,0,0,0,0,,0,0,0,0,0,0,,0,0,0,0,0,0,0%,0,0,0,0,0,0,0,0,0,0,0,0,,,,,
777,Granit Xhaka ,Midfielder,38,,,78,73%,,18,37,64,41,,261,184,172,18,49,50,,3,7,"3,116",82,3,102,28%,11,188,10,0,57,0,1,0,0,1,2,0.03,,,,,
778,Claudio Yacob ,Midfielder,16,,,36,75%,,1,16,25,12,,75,68,72,2,18,28,,0,0,374,23.38,0,0,0%,0,19,5,0,25,0,0,0,0,0,0,0,,,,,
779,Josef Yarney ,Defender,0,0,0,0,0%,0,0,0,0,0,0,0,0,0,0,0,0,0,0,0,0,0,0,0,0%,0,0,0,0,0,0,0,0,0,0,0,,,,,,
780,DeAndre Yedlin ,Defender,34,7,37,57,58%,2,3,44,93,40,1,156,159,145,29,47,50,1,0,2,"1,000",29.41,3,73,26%,2,30,5,0,32,9,0,0,0,0,0,,,,,,
781,Maya Yoshida ,Defender,24,6,31,27,74%,1,4,41,130,83,0,142,109,73,2,67,39,0,0,0,"1,062",44.25,1,2,50%,0,62,2,1,19,0,2,1,1,0,1,,,,,,
782,Ashley Young ,Defender,30,7,26,53,60%,0,10,57,72,36,1,168,136,120,29,19,21,0,0,4,"1,285",42.83,5,121,28%,2,95,7,0,29,1,2,0,2,0,1,,,,,,
783,Pablo Zabaleta ,Defender,37,10,62,96,70%,0,1,61,124,79,0,182,194,159,7,58,57,1,0,1,"1,153",31.16,0,71,18%,1,53,9,0,33,1,0,0,0,0,0,,,,,,
784,Wilfried Zaha ,Forward,29,,,30,,,19,7,1,0,,,,,,,,,,3,623,21.48,8,76,,,,5,0,45,19,9,1,7,1,0,0.31,,,,,
785,Zanka ,Defender,38,10,58,55,65%,0,3,76,241,121,0,166,154,153,3,88,82,0,1,2,"1,561",41.08,1,0,0%,2,104,6,0,45,2,0,0,0,0,0,,,,,,
786,Davide Zappacosta ,Defender,22,3,15,26,42%,0,9,6,20,13,0,67,64,68,14,14,6,0,0,1,445,20.23,2,84,20%,0,6,0,0,7,5,1,0,0,1,1,,,,,,
787,Mauro Zárate ,Forward,0,,,0,,,0,0,0,0,,,,,,,,,,0,0,0,0,0,,,,0,0,0,0,0,0,0,0,0,0,,,,,
788,Marvin Zeegelaar ,Defender,12,2,17,23,78%,0,0,20,25,13,0,63,59,52,15,13,8,0,0,1,422,35.17,2,38,26%,1,16,4,1,17,0,0,0,0,0,0,,,,,,
789,Zhang Yuning ,Forward,0,,,0,,,0,0,0,0,,,,,,,,,,0,0,0,0,0,,,,0,0,0,0,0,0,0,0,0,0,,,,,
790,Ron-Robert Zieler ,Goalkeeper,0,0,0,,,,,,,,,,,,,,,0,0,0,0,0,,,,,0,0,0,0,,0,,,,,,,,,,
791,Oleksandr Zinchenko ,Defender,8,,,23,70%,,0,6,7,5,,32,43,18,3,16,3,,0,0,672,84,0,10,0%,0,17,1,0,7,2,0,0,0,0,0,0,,,,,
792,Kurt Zouma ,Defender,34,6,50,50,76%,2,5,61,231,136,1,145,202,79,22,109,31,0,0,0,"1,021",30.03,0,11,9%,0,85,1,0,19,1,1,1,0,0,0,,,,,,
